18155
38379
5586
31144
683
16763
14082
11388
42165
11151
17135
36925
16124
29355
20874
49255
49268
18441
31318
34242
14396
18585
1312
12262
4417
43881
43958
34487
20152
14346
39493
3592
16654
19565
12948
45631
42812
28895
2640
16957
12609
28165
9324
1511
5706
34766
16544
14960
15478
27804
766
901
35825
17159
30122
34902
17242
7856
29321
13915
29799
33109
44425
1829
25977
18086
34453
39175
8636
20347
4981
22689
24957
30867
18996
49544
36622
5170
49167
6624
15745
6796
508
25268
230
36123
19956
9874
30980
5092
13121
43805
30168
37769
40582
13538
24480
19143
41965
14469
49623
19605
18637
39585
30695
23495
13104
38238
39922
44691
38177
36903
49422
13286
17938
45699
12060
41255
3087
10665
32367
5625
48417
12794
40475
43736
15808
396
33916
38970
33812
8398
9929
6216
45037
15340
6009
40577
10874
17727
37044
501
26060
29889
13809
23898
11961
41964
37183
37248
29272
14215
29315
8012
40457
22196
15089
36839
4138
40381
20051
15564
41704
48267
33201
30271
24709
11004
17674
14991
48986
45962
23669
2650
49701
21085
45031
35468
17848
47292
19069
25320
27565
1172
7654
45711
37381
48960
9883
26067
9211
15079
47967
25205
39745
45689
37028
36650
19459
23191
45363
49191
42196
11636
19900
924
44177
15207
30890
5923
42892
16272
34725
13806
20367
28382
17593
45854
40067
20465
21034
34675
37816
22174
15407
27957
45429
14877
5918
39163
43555
25991
34325
28063
26606
5162
45794
15657
29021
22627
10490
37913
36600
15270
4920
31620
18112
22517
42981
18019
8590
39350
47485
42152
7601
18134
9625
463
36944
5776
12493
22931
13078
12154
39950
17261
24576
6192
21429
22277
5117
43126
513
38945
48657
23998
21812
2211
8465
31344
1267
33095
4162
40765
14431
24705
19386
34209
43649
6531
24839
28314
2797
6766
3375
13769
171
22495
3630
28104
48221
29307
14768
45181
31693
33718
15453
20734
19230
37361
28942
21259
18202
11711
8897
36750
29821
35381
25473
16135
36374
14199
46519
33605
806
2483
26053
28051
40762
40960
30091
18923
47433
4887
34214
44951
17812
23889
6917
28095
48234
41843
10789
23359
33808
9988
22551
10474
1355
23918
20322
48175
26984
26178
7788
35771
34925
8379
8766
17818
18033
28766
3955
38275
25729
28744
36437
969
16077
32956
7205
6640
14855
17419
16230
14642
36224
22027
40606
13712
862
22434
49554
41987
12807
47447
23678
20159
39079
9530
24981
40861
32192
27624
47630
22237
29539
37146
8664
41720
40149
48373
13071
45468
48095
40585
32210
14718
48735
48331
48543
3466
41018
32534
23370
10451
28241
30693
21610
4219
46662
5110
42860
30469
25321
45825
5387
33000
21850
12894
1834
32834
4379
3613
29987
22194
31513
49229
11105
32712
37860
10508
35413
23465
21765
49445
39295
213
49535
26210
15762
22019
3005
38845
47835
7231
26123
40359
40912
46049
15247
30560
13800
38953
12612
2683
11019
1849
30378
45305
43444
19408
25734
21441
24003
31574
44960
19247
40908
23882
26448
49146
23190
42493
1547
7859
41709
31953
29482
45617
9064
16483
11687
7959
22083
36967
24208
26363
7923
15352
46608
13196
39150
26612
44120
17479
18243
46700
3250
4897
37840
29182
15414
9624
25635
37203
1435
1402
3239
47605
17552
23978
4544
15040
46223
35815
48399
2502
12743
29996
14734
28945
27094
44619
16640
47897
5816
4665
9424
6817
31457
25335
26588
48168
38394
26225
23806
30858
990
26425
10329
19893
30687
15184
32811
22581
24043
31193
3781
10920
44204
17173
49267
39184
29883
31351
29416
14532
43294
23423
12536
27110
28480
11695
24481
47763
42552
43179
22950
4444
23416
19026
22784
16288
38934
14527
27603
11544
2630
11543
45434
41581
38700
25937
28569
27643
13477
18903
31446
31381
18377
22924
47517
18769
9989
35265
32335
1222
9733
5639
33590
3848
18716
45536
615
28977
49095
24210
22536
5955
11108
25614
41518
38248
39827
1271
27660
18849
25736
37957
9701
10179
1357
15403
9643
40588
19452
26939
42504
29282
2464
44318
13409
49475
18843
12706
6505
41482
48232
45344
46070
14582
48966
9719
16428
20596
4729
35114
11378
33565
10366
16925
761
19851
29104
23709
25865
17057
2101
21655
38174
772
7461
43734
35279
21939
23944
23143
16074
2687
20696
23233
12689
394
1260
42614
5945
24136
40835
11697
18534
3465
23722
13432
12437
47789
42321
43373
14331
39847
22223
3961
47257
44340
2933
29299
8955
19407
1209
6538
32962
48573
39429
31120
49300
43556
6751
44855
34798
9454
964
11062
27738
2007
6745
43980
45058
37190
37615
24809
19837
29215
46447
2790
36880
12157
33009
9313
23434
38358
35143
20013
27358
42227
28007
20244
46542
27567
35244
43806
1466
1899
20203
38575
16600
35336
14860
22819
49294
12485
10821
19604
38234
1844
9225
18464
42475
44536
49158
39987
12776
45795
15473
15013
10048
44720
36524
40232
32925
35030
26449
3985
27166
10171
44941
3422
46507
26248
49972
11070
26520
6198
517
29117
13694
8958
47268
33778
3185
31846
9713
37462
5046
1577
33178
49250
48100
11723
1964
31022
27569
31497
26025
31434
8786
26116
33518
25390
43172
18163
10955
22998
49336
34233
29374
25789
1624
8910
49540
28747
46436
15604
15474
26645
41418
34544
26770
46971
10605
31971
11649
15717
4549
13095
6157
9407
29239
45272
28740
10362
2426
31068
29809
7436
14463
36693
20721
24191
26570
23288
26104
13223
11462
2355
11984
32922
7496
27641
49897
41927
43502
22426
8328
32918
36420
34060
40718
18780
20523
606
26191
43900
37866
7243
5630
21409
22295
41309
46119
3502
37784
47193
41534
26937
44037
37111
22216
12710
9668
18718
42553
35682
20468
34042
31924
8977
14174
43719
18285
42149
40884
14871
28917
2243
30344
37897
25551
42034
19743
44792
9621
47628
49321
25735
33166
44894
12715
28043
11254
23361
40842
41248
6092
19944
42308
37266
29950
39067
19555
47542
49298
23382
4915
9966
3483
9304
25367
38206
33357
47793
13495
5568
31990
21475
11248
27408
24519
16552
36032
7356
15975
6847
48325
32082
4792
7765
29983
47096
31202
46248
6459
28195
32666
16692
46712
38244
37493
22259
22666
6728
46531
4332
31018
35945
38968
8605
35076
2878
15568
3552
13599
22840
45462
23456
26321
42707
7561
3678
25935
38118
34985
30350
42804
40747
16121
23975
21572
10484
653
26804
42273
45902
2896
24853
42332
24423
26070
1363
37861
11022
12138
7715
29148
3406
28322
23638
30522
29635
5285
35351
45797
27601
23703
8260
42840
7265
46483
26000
36176
49812
9364
42661
3056
24899
47698
21759
27460
38112
46847
7217
11664
36407
7381
14703
17687
29360
13537
4190
4165
47440
28571
35798
28488
28996
41971
21793
45932
38652
23616
3816
30276
49641
42732
20350
3667
14319
21060
27977
14140
7445
9316
30608
15551
25289
48951
37597
23397
29185
24063
38262
43552
39651
36235
10470
36466
44470
40587
43572
35931
46828
24963
18867
31981
39111
12813
36203
46050
30806
37246
8106
31332
40070
13460
10421
6397
26618
21879
40344
33466
7036
36386
23515
28316
15372
13598
29344
20212
2193
7348
36192
8756
44734
26048
19332
15329
18826
9017
15749
5082
34431
13776
13807
38292
30936
3798
31336
30156
41517
34313
42559
32775
26582
31591
35095
21358
20893
42116
46259
1763
17233
43466
14302
36786
32738
9888
4043
44861
36804
36965
3305
39393
36915
41250
42276
12562
3976
33615
30234
3569
1068
28927
38923
23588
24500
35616
34940
19348
2222
50000
6726
44210
48385
39382
44594
37850
10039
15408
31403
21519
37170
2828
2547
34016
30997
5888
31086
28707
47877
48970
11988
28620
25209
14568
33787
20458
26851
7000
36648
15725
44955
38070
43694
29421
37627
34208
46917
14354
10047
43974
37672
20894
45115
23843
31656
45621
16974
30777
17070
26801
2906
18694
43874
4013
5603
28863
4645
6561
33756
3529
16933
37836
16330
35897
27788
44394
10704
16630
9164
19404
31890
31362
33517
8484
45187
696
9215
44644
9575
48778
23115
34533
39903
23891
34335
30124
13479
19693
11957
4300
47422
31786
20417
13824
12508
9599
48220
37125
39049
27827
4464
8978
17614
30424
14025
1742
44255
26201
6871
21605
7237
25120
5177
11504
34408
26790
26338
23667
41456
14901
16163
9286
49344
30183
14230
8298
26127
47884
37156
25467
22334
42136
16930
49252
7009
22873
13356
2335
42007
10795
47241
9640
41903
9908
9933
12633
17740
30460
34050
10297
20550
29053
31904
23736
24722
29235
20302
32944
28484
27267
31197
11613
44851
7768
27546
30283
6142
38556
7053
44485
4453
32833
3732
28591
4071
39448
34584
35394
24183
38317
29840
42433
44205
32634
33735
25747
21714
16046
33261
31451
11762
45545
47850
16185
9806
6033
1712
44527
10238
44326
29507
3897
26102
26765
13252
36146
7201
43889
13206
45692
16051
29997
26471
45959
37874
19098
12645
34394
3577
14964
38263
49437
18422
42656
27997
4351
39689
9210
13112
34668
33354
16295
18374
33279
2725
47520
6999
20800
38952
27006
46110
1249
28395
25687
41853
41707
4916
17110
37298
23226
357
13232
34576
27897
23976
21736
30784
22490
3516
38636
15233
48502
24549
26473
26959
30835
25716
40207
13200
13613
4443
31495
15920
27020
7256
26446
46320
48142
39921
2573
17003
25863
3717
41742
1739
24012
19518
37068
39570
48448
22282
23018
48299
41307
25354
49768
22688
22881
45666
32060
39506
6773
7774
5138
8031
28479
3904
40746
26176
28936
27535
34004
36458
28277
35317
2122
9371
19329
41495
32392
19070
41890
40315
24505
28178
5321
19793
33335
43371
39671
23893
1343
40258
43033
43434
18981
33259
15366
40044
7044
4389
4669
22042
49926
7871
21477
41311
48490
4710
23053
21464
6334
16669
36613
38429
49814
28110
48078
25065
5338
7725
21352
35055
41372
37345
14186
14584
6246
39892
18729
9018
16073
2050
36584
48281
39423
2824
30024
2970
34428
22151
13038
37446
27877
34312
2093
48807
34602
38308
14756
19666
44764
21525
7997
26753
22482
28776
28664
43488
13377
43487
10568
47783
45383
20692
23583
37570
42403
33914
5299
14660
20832
37635
28520
4767
34598
39691
32710
39157
21729
13581
49258
2353
48816
15398
1177
20628
19824
7137
23514
22722
15269
5728
4489
38301
43949
10738
40339
43848
29719
31139
15011
2756
5848
27325
4776
33580
1202
36834
2922
46753
27392
3201
28274
44563
37912
15256
11824
39716
42943
29527
1727
33035
8075
48880
3410
27016
36766
10805
35961
25852
26556
10834
13171
23996
36865
20079
27659
9867
28870
8743
32162
46516
26884
7555
21530
46995
7025
40029
11976
6584
11009
48789
42992
43981
41811
14711
40677
45948
38659
12908
7688
40880
30466
18457
24593
13759
18962
29458
9922
29093
12687
14055
34407
23492
22505
11057
34411
3941
46410
4079
6986
12590
19185
928
20636
1541
46783
36583
25680
15622
3982
14348
15181
31235
23242
28139
27822
49522
9123
17649
36013
18412
21529
8343
5946
45780
34548
39410
25097
11374
47366
31159
29752
38835
31115
32596
36161
17503
18350
41512
11173
19932
748
10870
23513
26572
39093
17860
8141
28579
3044
46976
8906
24402
2541
49531
30715
20624
1545
34622
42133
37870
12558
583
22041
46088
45060
49628
42003
49356
20787
28503
46148
23767
46870
48909
21141
44623
41117
32461
38042
7597
21679
30020
28633
22403
5460
41760
19076
21840
19424
2178
38569
14975
14154
11618
32264
18307
44315
13032
2808
35353
29356
47015
34526
12214
19476
21907
8583
19995
14822
35194
42328
37688
42875
19783
12042
43644
21218
48878
38615
48704
36290
18129
33955
40051
43410
8672
35332
16502
26660
34627
43960
29095
5822
32281
13858
39877
23582
35425
241
15202
34557
37726
24980
47514
45870
37061
11710
23887
33803
16749
40845
14048
40806
7848
21425
46496
30432
26332
7210
10240
8238
41859
47892
7112
28923
10388
6273
11592
36579
585
8792
9343
38820
24207
36807
47636
44550
5056
4503
7876
406
10796
35473
42627
19683
39396
16545
10146
40184
45158
46224
28218
2330
15244
23404
21523
47418
49850
36155
33739
13273
13186
29937
24019
9192
20246
35105
41539
16412
32954
32237
30260
49315
7883
30242
14738
24725
23868
40208
14604
22220
40751
2623
35398
5532
49337
36082
40062
117
49058
2000
39468
16538
13389
5368
9141
599
29278
7643
5426
8894
41963
34678
34835
48242
1285
12272
22214
26784
38714
35749
7198
47125
14762
49263
32549
37241
3831
4972
42502
4416
27036
26950
10543
27301
35259
29407
21111
25092
33908
32324
21700
16134
12512
48541
16637
18544
31588
37999
39675
16884
20556
38958
26729
7216
35176
33284
29259
10090
25474
23547
24740
38009
24805
3888
4414
17385
20259
31778
44239
44179
7415
4751
16973
41268
30431
46152
12103
25428
12475
37954
44531
26298
42006
37882
8221
32361
28838
36783
15144
37046
1243
11293
35237
3085
36486
25486
2957
8124
40792
9973
7635
33353
47354
32783
20811
44066
46241
21978
47544
42104
47363
9587
27317
46952
12067
38286
23076
4245
12073
7794
44442
27256
9918
21760
41621
41337
42319
46591
27762
7803
30669
4028
34059
4286
40091
8327
25957
20983
20089
26011
38832
5838
44469
48668
27926
42575
8325
17290
40447
4347
41729
36383
2815
47103
24361
30465
48564
45372
8420
16152
20481
34654
44860
2774
23316
12282
32988
7177
7221
19174
22398
6175
7302
47545
18002
45892
2853
22693
13825
41219
3664
4243
9267
15533
6607
291
44148
46293
21480
45593
37132
45083
13979
11705
17920
39440
43014
17668
49866
43021
49543
16325
47129
16081
13466
11332
32406
22343
25524
49927
36252
16832
36875
42098
43207
19242
2659
31862
35508
30229
22646
40414
49067
24230
46310
46460
30096
47405
24441
21007
47143
29550
5910
16519
19584
14390
13710
37365
44869
21671
46585
22235
48796
6361
19000
44513
46896
10193
48225
7984
48882
18390
2003
7596
47705
3130
38388
13024
19966
39826
16438
40977
6927
48765
411
23516
388
41762
25013
41288
24454
48666
15301
16697
48558
8754
10562
14005
41485
13560
14224
8973
36627
23099
27396
41880
19534
17265
42870
180
46661
38866
41995
28590
6099
35088
377
8898
11334
15464
19027
16859
17613
20905
31190
5869
23835
37432
13075
9511
30708
27284
25220
1398
14771
10995
345
36754
3990
9083
31974
23486
6417
22486
48201
1072
48622
39472
48442
23744
35855
15176
1228
6981
17673
30306
46530
19586
11319
26133
34509
6007
26627
28459
4694
22960
582
19164
5074
42090
37737
1666
19192
37283
4758
46686
4059
19515
47062
49885
31166
5131
49663
10686
48149
47429
41459
43720
25684
17874
19448
43302
36957
12350
25241
6753
20689
41066
49968
42432
25590
32166
49347
43168
22553
35103
44472
35243
11724
41436
29768
11345
12989
36594
1821
30905
2038
12249
36205
15021
33114
39995
5085
6541
8850
26330
49043
24522
2430
41207
26744
5399
19643
11466
4122
33203
45285
36949
17496
9435
33136
41320
8481
15599
15887
16500
28445
34846
44582
42372
23861
44882
42801
27053
26390
27858
29743
6706
10315
37047
16059
5732
24364
2590
21295
29916
43319
46761
12931
19353
36833
23566
48048
49551
10717
43633
23322
4350
41951
43242
30070
8765
699
4295
34868
46090
6341
44433
14373
41252
26743
18341
44977
20268
25211
10592
20756
38863
27180
46475
31298
42604
49776
11780
10230
3431
774
29841
36044
8447
27037
36049
10157
21896
5108
44525
26496
4543
48642
11282
13105
8772
13214
41291
10698
32372
12162
35193
46076
26749
26286
36934
45544
10540
31397
7298
46183
23497
23281
13833
29348
20335
23252
10027
3524
38410
26963
38294
49304
47201
16537
39283
5522
3124
1500
24070
26759
45104
16701
47887
25180
15962
6960
30047
5581
7145
20235
21855
49371
42535
3142
38838
49846
18043
42744
4337
38385
18335
17693
5890
574
16409
33630
44103
24999
48063
24192
29638
2032
31439
32319
15330
14944
5453
33520
19528
5736
5344
1530
3346
12307
14325
19150
6258
44684
17858
28972
37763
12819
8288
28086
12937
803
13188
15388
6242
7934
1957
8313
20998
33408
20645
26873
34783
45113
40140
27841
35206
31905
2861
28309
45572
5976
18371
27631
39330
27967
43571
25809
35614
24083
31506
27604
2786
29391
39698
48587
7840
12598
31431
22015
37005
28352
14599
15889
6702
5622
43020
35595
45245
27160
43626
19441
27502
12128
48755
13006
33135
3180
987
34240
24749
8768
34322
34445
12834
2260
34705
21129
7224
6137
37104
31659
42771
23013
37949
33582
31665
32309
40087
37618
48327
49610
30079
6630
48129
12196
25581
49530
18898
18619
5653
40892
43697
16352
316
34082
19392
31987
21570
44455
20129
30255
43941
10861
25876
32054
3517
11732
20582
24027
11528
37972
29029
46572
39555
41681
49868
34525
47931
20410
25813
25650
5673
780
46981
26101
40850
7616
29473
33305
10430
32836
46945
2339
4327
35781
16453
45726
19426
12853
17287
47695
12909
12424
19901
44796
15534
25171
16928
5488
8935
27599
1930
30603
35649
4160
11557
31204
3539
17706
1137
8036
19397
13831
48193
41391
4948
44131
48318
1956
4179
25130
38224
35339
31768
8034
9597
6919
22805
30528
17585
12591
32859
13008
40139
239
24871
44358
45458
3073
9836
27789
23954
45759
5140
14478
7387
47139
29073
45777
14116
17132
21742
43704
21155
17836
1439
37787
3028
4971
27366
5448
15382
47511
28267
15524
26379
30402
41584
42747
9803
9568
39535
32949
40922
47446
42441
46780
24831
5024
30972
49035
2825
38236
30520
3438
9576
22031
34619
19047
14526
46590
21038
43979
33240
20262
38117
39986
22884
29102
28294
12085
104
24646
36018
37007
48047
37641
8825
2975
10081
11408
1960
8395
15659
22945
25537
36059
38561
17219
38731
33157
48643
21054
22785
4828
17964
35319
20886
24832
9149
29669
20171
10367
44493
29581
25904
37413
13211
48391
3383
27005
38445
47101
47133
15742
1374
7076
38753
43328
10406
31628
12293
24062
28441
26658
15898
4258
20428
6070
14746
10527
7174
31560
41031
8538
13309
31208
9687
19530
28058
2495
49351
48438
19001
11305
38123
47055
31664
36988
9812
13436
43255
7514
49175
28795
40401
28738
9924
47131
32389
25941
22186
48463
5343
39582
26599
40868
38764
28458
45734
26514
19507
39254
40508
13767
28332
1091
48837
10741
46177
3859
41419
9967
33634
15712
9607
27964
1517
5414
22993
36314
14708
14420
6509
40200
32198
16899
24352
47284
1194
6775
45704
27529
27803
18460
30639
17133
25818
8673
49289
8434
46846
26259
14251
33784
46606
13328
33792
36360
39776
7335
9400
41000
14235
39876
33090
32762
17793
878
39780
22925
39524
20830
39616
6294
49104
39048
1602
16164
9566
40218
4225
41511
31413
42698
22712
32503
48307
369
29865
38801
680
43272
12435
46940
45661
39844
31896
24469
22276
35014
5081
16970
31797
2973
1497
34957
26626
44183
32417
19309
4699
17872
22452
31743
49460
24796
29755
207
29805
46923
1263
4734
13937
2087
21015
8946
46488
28038
654
42519
2509
38293
17497
48628
22246
5672
48671
1347
41451
24194
15809
17580
15618
12766
37308
17059
6633
26472
14376
9493
38995
31903
2098
39257
38637
42962
5665
14727
6201
38184
49619
11977
25891
25930
42450
19384
2874
3138
22787
7576
12484
30746
2429
32719
44565
25938
44378
26199
36452
39978
1600
3310
16683
38558
46749
29637
2491
36992
27553
3637
2702
10694
22566
42991
221
16526
32047
37980
47669
35827
3771
42134
12358
8502
4592
10024
32349
35954
43402
33458
32260
21869
8566
19060
3398
8085
42611
29898
6127
41431
28621
17626
569
30192
2915
28240
3448
7424
35142
47260
20105
49254
17540
45561
7852
34872
25360
14214
11271
32579
23672
12984
38730
32000
33177
36698
40332
29262
44605
2572
30204
41921
26511
47804
20847
28072
44678
23619
24613
47777
12694
44979
30705
12275
25654
31857
47864
16013
10202
5015
30356
26995
15590
35167
48090
19335
37129
1252
19985
26712
270
37893
44195
23971
10536
46116
44420
20588
6331
18156
27677
42202
15972
14593
28013
47123
34483
10450
4834
9234
7103
18900
33306
22980
34147
12421
18522
13623
15073
48786
26876
27089
40881
43945
885
29579
7175
9440
42207
13373
46204
26331
48513
22405
7228
42813
19718
47438
48278
14012
21958
13691
43774
26584
38316
30227
21452
13233
2076
27828
30396
22868
48403
49627
1030
24772
31192
36341
27946
18953
7944
22533
9753
18808
31149
49139
15371
26447
5764
7394
47224
8060
31937
17511
23696
28976
19764
37317
27076
15574
3792
14134
43507
45633
2400
10668
1470
5283
23804
30960
36450
16315
5121
19578
33179
29446
34918
42257
17926
33597
30341
42051
12036
31101
27390
43545
4450
36859
33344
1674
39761
2816
31992
22853
18688
46191
31729
8306
11407
17700
44361
49244
49125
18548
22105
23310
15048
23620
950
3433
30194
7574
37002
41287
29301
249
19949
16240
24165
7154
20634
4124
25212
19671
32177
9338
40723
48213
7344
11500
8565
9745
8151
16718
29607
1714
6672
7498
26923
14122
3393
1596
9271
17536
26457
22585
37463
26516
42288
15589
27712
36395
469
33722
34456
38036
20406
17117
1733
42430
12669
4947
19709
26631
11919
31428
17000
10303
28461
35723
11106
2028
24830
8092
43349
3076
48049
44748
49888
46173
42565
46779
28337
33504
628
25855
46431
48804
18987
4813
21005
16186
25744
13810
28903
41130
34899
17218
16626
31973
16861
4345
14796
25446
24149
13994
20528
1071
26869
42197
31293
23298
17925
14395
23604
45046
10517
23253
25636
17394
34929
40725
20691
45412
48382
29216
11101
26207
30359
37077
2819
26227
46041
24548
33720
26991
19246
21485
6068
48160
16419
26313
35150
46825
16801
14710
16297
33246
17581
12789
15062
26539
47172
42511
22249
39333
23231
24819
2968
47535
43674
6498
24346
20117
39323
494
32723
40858
30060
21763
47776
10281
22184
8817
16384
21545
10971
40347
11580
23415
13269
12026
20334
12792
40630
156
17100
8531
35832
9100
36154
31217
10734
39081
16478
27400
43288
14168
42913
41233
13997
23505
23875
8142
5477
28474
30627
6830
41340
38729
35990
29480
13952
13074
42139
39779
6279
37506
40166
19628
40952
48669
23789
48996
39406
32687
17701
14539
34709
21046
5977
34154
13208
27194
8336
27411
1696
9037
49761
30270
44685
17615
33170
46347
722
26306
34008
27494
23208
49202
24987
40202
15186
48126
3219
32344
18670
9771
32637
36691
21033
40701
33571
30710
43809
35642
10831
13352
38049
17569
47140
2272
40773
13543
26980
18726
29059
49616
17686
35081
31309
15136
3870
29975
23069
16218
9288
43309
1933
46359
22224
29007
22059
27563
44722
9309
20076
6870
24967
32359
8237
13423
2633
21301
35646
27117
34073
22142
27451
10133
24401
48771
18407
17779
8286
7124
40693
9041
45268
15985
47687
15581
30963
34916
16156
7482
18268
13370
8961
19952
40043
10262
22146
6337
11086
35536
35518
38185
35369
46715
11632
47559
9916
24409
45343
33867
25846
24452
16109
22935
10963
24682
44250
35130
4731
20337
106
20856
20196
2175
39964
12745
46835
27156
44904
34505
13611
38281
502
19686
28385
27520
10729
17884
12803
24044
31170
39644
9524
47524
16732
1437
29048
12069
12393
23178
2020
33957
1444
13334
42990
15036
29861
4803
26907
18051
49872
33081
752
46033
41900
15271
43267
29647
30968
21086
3540
39943
47068
38749
49893
7996
13158
19950
37011
3273
34220
318
47699
14713
47919
16038
22718
31572
14561
11996
5775
23929
1617
25034
41422
3610
19813
4428
6599
40617
6925
16353
16800
2550
6186
12831
29502
44079
45758
14932
41367
48250
41532
10982
25495
45133
2376
13166
16543
44638
21660
8546
23481
6223
9112
28587
2938
29274
24193
35711
23575
15688
6125
42176
13887
45562
37970
6222
41958
9302
43808
44127
45356
25577
26111
27571
3008
16586
800
24833
2595
45520
19887
28093
40119
19012
26290
26675
32638
14769
3603
9169
5632
25571
1563
15417
13856
4513
21797
47237
37730
49601
24542
47672
31492
46132
23521
13325
921
42842
4352
23374
36962
18228
25666
25558
10641
44971
22390
12147
5014
35490
2417
19592
14386
1796
19883
4705
28464
48145
14455
2036
49440
30046
3550
20974
44128
20002
24014
10300
21068
5212
13092
7708
40052
36734
26855
48597
1562
18681
6008
28111
20871
10553
16354
12481
17956
45595
4315
40471
2134
833
40362
2888
17429
34803
6525
39747
35402
37260
31735
43138
30628
33430
25108
9876
9385
16815
46311
28055
10217
37000
47927
47872
32331
13440
6557
33380
1580
13486
35007
43064
6949
30993
4778
45518
5616
3764
48849
18463
21257
1204
23534
13441
9124
10800
23618
23802
13287
1303
48918
38477
47393
9996
8804
34279
36565
2056
29622
12187
47040
46388
24834
47194
49805
41262
902
46876
10810
7534
25910
25939
11658
30193
12653
4603
20630
38076
1787
47206
18757
34094
19312
27119
49342
26755
12628
47706
7834
2144
32472
42560
11850
13596
28904
15757
4662
31295
9135
27064
2472
47316
4154
42538
21725
32423
542
3337
39649
4791
30737
24397
5317
23224
44704
22558
42295
27538
2401
42521
23110
47834
45844
32677
44126
14028
12849
12158
36563
7743
3649
48759
864
31281
21103
29030
45664
15292
16949
8707
10906
44535
11936
16201
35874
46141
28741
6023
46267
22524
20867
15696
13901
7006
13622
8598
10987
39632
35645
22833
14650
23103
25440
38495
19389
48039
43818
10082
2671
31761
49455
13139
32074
13574
18557
10009
14130
24270
18182
47060
34660
20657
47414
38343
19543
13756
1518
15346
24563
2781
12490
11337
29986
12538
22668
1571
36034
30380
24264
14147
35653
18284
43968
33984
2705
35262
48843
47189
4983
21193
38389
29570
47960
2775
7538
42030
34480
18210
39019
12753
49426
25449
49057
49710
42468
16981
9387
2067
32657
46762
9741
19910
24464
32745
10364
1869
37092
15006
43854
35388
46383
14333
35050
4522
19063
48070
49382
46256
35851
5690
23450
42052
32889
33818
25090
24445
3973
34750
1006
5112
2890
2196
16674
12051
49222
42832
4217
30263
36124
27597
16287
39874
14639
7342
38158
41784
553
36017
18093
12420
34114
13457
9540
7090
38132
7993
22623
1481
41308
18942
42323
15106
4384
31945
14549
12021
39945
31730
4340
34670
49863
23519
28531
13675
8324
1689
41215
47448
35188
46147
23011
9623
39510
37099
25124
33273
16302
45151
31271
48709
1578
20091
19616
45226
13365
28340
30377
462
27950
4346
34324
17869
39389
40615
31478
15064
47778
43036
12035
36076
26659
48576
34727
28223
19239
44486
30523
12146
42626
36676
21756
43178
45981
31169
14211
23761
275
24055
48715
23211
31000
14063
32806
6661
713
37043
41371
24429
47120
40939
8527
38258
48424
15359
11093
11098
37977
42708
31376
47402
4283
44406
8217
4169
16989
43729
15355
25995
8378
20364
7481
12810
17381
11866
32607
22376
44259
41293
42151
15253
14443
11287
15542
8941
46919
18874
21220
5055
32073
16977
45619
10515
16375
10647
41434
44025
3309
20853
44906
47404
15608
44325
5608
15104
6811
17116
22231
32493
17905
16951
39666
25457
543
25812
38960
24743
35703
16406
20386
22792
33251
35693
2616
20560
48798
7781
18575
11786
18795
35718
4175
23043
39026
43400
12793
23801
4576
12319
15019
7266
24080
27574
39422
14326
35129
35252
521
21583
47272
41377
10331
33975
47146
40477
46015
6207
33876
44756
1701
40273
49612
31119
40717
37484
14086
47286
41454
24396
5904
5210
22913
33140
31347
47093
26452
5931
48411
43390
45264
30652
42272
32512
14579
35995
4805
34167
38678
34441
45613
26547
12185
49977
39454
19782
26258
33820
48530
5889
20720
38355
25248
5289
42080
36012
8494
38880
23560
2062
17770
24902
21170
40940
9086
25033
2691
12395
5297
42360
43352
17913
27920
120
28525
11534
16942
38290
46497
29064
43567
35870
47457
36739
930
497
19179
955
33877
47854
38977
15137
46406
29773
37271
18950
22628
7077
41176
17695
43230
25195
29636
47478
5524
46120
4156
8245
24739
22356
35511
38816
22040
44029
7345
10979
12310
4812
46992
27437
48437
48886
23335
46062
36487
15343
1321
31178
30225
46848
42376
29653
11877
45472
21918
21435
38318
33566
38795
15016
11295
14765
36595
23229
21357
28830
44566
4003
47153
30100
4584
30190
1264
35503
35880
34751
4907
22211
44314
8014
23014
42901
42858
46535
20306
47722
13062
6684
22092
18553
16670
13616
27386
19103
24798
13572
22781
33523
16284
6410
2207
43937
49257
24724
25780
11553
12516
7614
40953
45642
32408
42778
45864
11370
34222
33968
13783
3293
40257
20962
14938
45988
28254
14512
17092
13472
33372
28725
9677
37191
47323
1811
38954
22176
37122
46939
11949
8518
5636
29396
22387
26085
49593
34190
34840
5258
26205
30772
17193
39201
38095
49757
35970
13137
13428
398
30450
9377
20209
17213
22456
46133
10945
30589
10485
13379
49497
38881
27130
7071
17440
28052
11322
927
43509
35806
45242
48724
31093
47057
43677
45604
33617
27243
39013
20446
36121
42111
27925
20064
36639
38097
44975
41954
4187
6037
45771
11939
43817
40030
25911
41613
4835
15046
32327
3472
22464
38908
49819
27184
22842
15779
20155
12597
13427
22716
9691
40685
49804
40116
11633
36287
32810
20587
46055
25609
12412
14967
26069
21079
24857
31684
4378
44553
42303
2848
21823
6245
42960
32216
8070
48034
36040
33465
20828
9538
14838
13788
25429
27593
39646
22359
17364
8248
16564
24198
26120
30490
10802
3560
12376
12895
29379
46163
31965
17992
41274
1413
38182
28897
38091
1895
48432
8347
30698
16595
47299
46823
34234
48809
30220
35604
29408
19187
16870
13716
28180
46300
2873
15613
34314
40499
17575
35442
49702
32650
36567
5012
45783
24973
33008
38327
29826
29675
38212
43738
11393
15953
27383
30747
40107
1755
39981
24188
23256
10199
14352
5084
23399
16579
36029
35757
18945
9117
18766
12981
3403
38644
7296
36089
48936
16060
19974
473
43612
17314
23493
48616
19221
1803
16818
7879
32340
13874
22230
10215
22857
6202
35923
12933
8307
1954
44997
25202
15065
36039
43000
41630
17666
20942
31066
27084
44585
6214
47708
31536
39252
43146
13511
18148
3527
32029
31613
4554
3213
6342
33197
48785
41884
48474
13254
30026
48097
40942
13656
34425
34210
2201
37268
32602
48264
3937
10908
36382
17912
16497
8595
27842
17141
27219
6517
29616
25006
16984
45276
9243
12873
14585
23716
48170
29492
47076
822
42164
20475
8559
24451
46371
36838
27753
33674
4622
20519
41334
1219
45088
27483
3226
16237
43793
42322
42844
39498
24105
8079
40211
25134
8383
17365
15788
35740
3230
49548
20597
31781
32543
30033
27033
1916
44174
8701
39307
25151
36052
17682
12132
25529
33291
43299
46511
2209
27262
18080
17163
35917
3143
10057
17327
19129
34207
26711
11826
17726
9927
23348
49797
18207
925
28580
25225
25035
13135
4530
45700
22771
43531
46593
28342
22077
58
20200
21783
44697
21366
8340
29775
2926
47508
25845
19648
36991
2696
1531
22534
5287
1442
35288
18436
39458
6841
26318
49012
43851
2783
35326
38116
48673
10353
5907
43452
1684
4468
49372
44110
28219
1724
4406
19645
14790
7241
1001
31994
35922
23127
35004
40700
21609
33439
28851
24325
1716
3084
32849
23985
29040
10742
763
34695
42759
34777
25758
15219
33073
33637
27637
23780
2349
29757
37395
19698
20043
44449
17619
11197
13682
41568
3478
6934
14447
25630
6456
47493
31569
14393
37494
38088
14330
38467
5148
34516
3302
10497
18753
17357
8776
26410
3148
17124
4036
45643
18591
35147
26175
14948
30157
20453
35204
49571
28054
35639
23729
42985
913
49546
7351
38755
26900
7230
20250
40000
40093
3621
29921
25408
15731
2348
15983
26799
20827
43079
2662
44035
4316
49086
11039
32430
4280
2033
10306
2580
32604
14897
39926
8641
35274
36631
15515
46687
16320
37303
73
20296
40854
8097
44895
8547
16893
41094
3606
41241
19180
45045
14141
29531
47546
47011
24115
6148
6970
10973
18721
14169
9442
16740
2381
49777
39941
3898
33807
28358
26428
42613
3868
13989
18131
6288
32079
36919
43412
17738
44299
43884
30148
28997
24251
33382
25341
32828
34405
45084
13661
6522
31934
43943
40785
29897
36497
26779
49883
42158
49887
48091
39963
30110
10479
47528
41827
18416
5364
4984
43278
6343
27764
19602
14770
44854
13586
49048
43703
48538
30077
16333
14453
46432
28686
7690
16862
42730
16010
5036
47930
29437
39840
49904
5671
29109
10845
41657
44515
43735
2288
29434
42473
3956
20366
41395
21948
39467
45469
37275
896
41226
2317
32289
431
71
40353
42563
28799
31228
14311
30803
48171
9843
14123
40672
18428
15582
21302
22841
19649
19739
28886
936
28585
5463
11813
33892
32614
14270
25110
16594
30924
31042
16883
10186
17266
4838
1055
38219
43739
19024
13310
10557
33476
18100
26237
23038
37261
46520
23426
38949
39789
12284
49404
28901
14472
34711
35615
9793
35509
33536
47347
43832
2078
19695
28761
14068
47977
20238
33655
3844
28929
25278
43174
37136
40336
39460
40385
13451
14200
26723
47972
32120
42496
3842
29474
22013
32996
24669
42849
36720
17711
47800
19349
49161
11794
48346
41545
530
19719
361
15023
13174
9873
5450
34343
44310
7735
26864
14069
28317
45314
48820
5425
31944
15177
17082
23980
25602
35284
7222
37027
45125
1631
1647
15095
24561
2501
15961
31371
16214
10722
23400
35522
32454
45940
22519
42359
41181
6082
12178
46814
48292
18218
24648
17421
14697
8603
38878
1535
25175
743
16972
28953
49538
36683
18774
32467
48842
18406
48773
15082
46427
23512
13054
43503
40670
21176
6147
3776
31011
15165
28938
39489
19561
23255
39138
29316
43655
36278
18819
41148
39316
1655
39576
36489
20767
46972
44699
38924
34960
985
10918
31567
2037
3940
25163
33583
21468
31940
45957
28045
25294
34951
32714
10347
39906
29094
187
25642
33798
12016
21778
7630
4481
35487
43171
13194
41195
34563
4208
20604
43004
17538
6697
30827
22039
5555
12190
39404
37304
32103
3954
22450
39590
29925
44613
4076
10023
44098
45816
11116
35043
39331
2856
47515
4914
5388
43813
21664
8153
41468
29901
22453
23471
4425
2220
29866
30153
37154
34520
40668
48716
39058
12256
17105
27070
15796
12430
24983
16604
34561
27306
43589
31960
19438
24588
30479
27642
42650
20317
2493
11146
17211
25962
9328
39101
36908
26088
29043
17772
48874
10726
17455
45193
36263
34805
41410
41114
40741
5628
16282
4317
21809
11726
39463
14438
48862
584
47401
30339
30921
19821
49291
40945
7861
23743
26407
33428
42486
33399
17200
28662
30879
33531
8627
21325
1658
11536
471
12584
44478
5000
31985
46313
42212
10926
27960
7288
42711
20265
9416
13630
42460
26007
2981
7123
48433
47469
43705
1095
13843
24647
20192
33660
38667
23984
21271
28287
6945
12711
41065
1139
25523
13829
24787
8930
16394
43938
24914
11113
45253
48525
26565
32717
33850
48429
39494
6881
9425
46437
10575
48430
21673
10573
45799
37625
4050
33650
30995
43966
8422
35448
35340
13722
41197
15276
17906
554
8715
43701
25580
20389
20622
27000
8246
41602
11038
3119
28803
47632
16762
526
1941
42282
38555
48802
35337
25162
27327
28989
37757
18579
22075
34075
16475
49264
28409
32265
47563
11243
2964
20029
48602
28171
36785
36006
44166
19804
23656
30361
45701
30961
18536
27558
42924
17164
25167
30868
38324
44089
711
19415
22575
12826
44158
36688
20323
12682
10506
33952
48563
28398
27722
39036
31442
33947
41624
1820
27812
33516
21942
47170
48093
33311
9189
7732
183
18827
48358
9899
46912
10210
25847
43169
3442
40913
41423
27314
5345
16771
41509
6709
33367
10278
17427
37139
26741
42706
41733
45380
45241
29991
35409
5157
7956
40173
30649
22893
5124
46089
44532
42492
1425
28699
14417
32064
18495
23785
26560
18481
15959
22963
2876
19781
7252
41510
41523
7691
36204
30813
48058
44254
44220
28716
43750
34817
10008
15805
38213
49766
30304
11874
33607
40735
27276
4434
33871
28181
20868
22732
19927
4809
16377
11895
211
30512
35488
7872
17297
18472
37777
26105
1120
40703
32794
23858
5881
15867
30442
35860
8748
7414
39697
25668
25329
41754
20916
14517
38237
28742
650
41127
49338
15558
32905
4673
35561
5377
27953
38864
24466
29333
37483
14648
16289
34360
45832
21024
18816
43999
46162
33228
18700
13772
38533
3368
17835
12640
22501
15645
5071
31094
22647
36051
49052
47226
37382
36372
47202
37892
19973
15642
9126
38509
28329
6083
19529
25082
4855
45809
9783
31152
13344
3285
16520
4197
42674
15154
33207
40719
12987
47858
27552
7057
38510
23810
34027
35416
12328
19879
42534
1551
5154
18943
10503
41317
3801
36481
9726
32819
45648
23783
7360
2927
20107
83
12680
24873
41483
20993
27833
38114
15277
15755
39979
2405
41022
46476
16286
39973
12935
23161
28642
571
47337
33467
17224
8560
37448
29332
42017
39682
10228
1414
18053
1969
35705
4969
5643
32896
29952
2738
2411
2187
40558
9722
36309
27315
37634
27075
48295
2413
47933
18837
3019
18026
34149
22832
40749
47130
36841
34043
29993
2907
31239
3012
45349
4711
40688
38149
7553
40066
24860
48817
11409
45923
18409
24079
4824
34437
11060
43474
49232
9301
9079
6665
26380
22427
30954
41041
4646
12044
19435
30766
4004
47693
12510
4495
675
17285
16513
34778
25997
42587
7330
21562
19433
21495
43786
15595
25137
12250
11163
40239
22143
31306
33741
4437
148
32773
45982
44706
45427
24730
20961
43948
25761
46666
18812
11330
18820
1316
23682
32506
7187
3883
22697
9282
49882
35532
28769
43483
28599
33288
7083
47813
41787
18715
15151
36655
25540
43990
22169
30800
49578
6790
11959
9003
16485
24255
21642
38875
37369
19116
42599
49749
14684
39430
34554
16033
9889
39366
5242
39205
37643
40754
5557
18023
42800
10130
11942
49473
43176
38085
25254
29050
36884
7336
28429
5143
31079
48341
47327
42664
39230
29428
4025
45651
47624
27209
24091
36340
735
43482
20060
48214
6782
32749
33442
21206
12761
38154
12097
27587
19526
1122
9227
21825
21734
42841
997
36666
36166
29130
47180
938
41867
47214
10816
11272
26836
36746
23301
41701
325
8936
20558
27656
24357
46604
37986
29923
23948
17881
33670
18183
46738
28675
35698
21215
13160
34397
24169
22217
16490
13429
48366
5642
40445
21961
39322
362
24824
7816
45414
17505
37728
8703
31416
10645
19006
15644
36926
42602
16296
16664
6601
29662
21456
12077
34758
39923
10383
40895
23910
28078
18955
47627
21953
25132
15874
1935
34418
41713
47408
6730
15314
34699
13594
20966
5330
38973
34935
25889
31640
24096
5019
42877
31335
28566
5105
8574
5611
2241
34341
48954
47027
11180
21906
3532
24358
45470
31296
18597
11505
15721
16376
38245
33706
34345
27067
15302
48997
33180
40609
33855
12064
1975
4480
48751
30986
12301
32204
28008
48081
43740
44279
28948
25193
43816
35594
14243
19866
4617
11754
45916
46136
26785
19681
32398
49577
34728
11917
3774
1622
38507
40137
18717
36647
29494
7229
21631
49266
31772
44986
33016
35451
23648
30382
42357
45131
15100
33561
19295
20153
21750
27039
37085
15224
8296
9255
27509
48968
27745
47694
2287
19470
10633
38192
25984
10938
25714
32492
21343
11564
22171
44844
19223
14861
20388
16146
12788
18012
9154
11788
42760
10102
13091
4690
39852
31283
1856
1163
35039
12070
37145
37768
26577
41208
29337
5484
42696
6921
33356
13681
9056
45288
33711
19058
33889
21304
8997
38284
14829
11550
33219
39251
39759
9068
12009
30456
24261
35210
8780
47155
41149
32138
14677
19676
7520
46711
21974
23713
21599
31278
11081
18532
16614
12920
3914
518
6408
30063
1998
35774
11224
10556
144
27634
46886
42821
8170
27073
22949
33326
16306
20497
27122
35937
14493
44818
23367
3874
27031
910
19277
28565
10165
7338
5393
20110
43787
28091
32570
14749
7758
35826
38421
36656
13284
29905
21594
8553
35281
46170
8659
19173
25469
34665
24102
44457
24434
29120
37883
32647
14983
49700
17788
20876
5582
12854
11237
19998
18209
24818
25579
39398
15436
26653
8403
8815
16052
48652
16849
48623
20210
22867
23593
12547
46605
29454
4133
41321
34628
25414
18066
11837
7529
34443
29489
25392
25166
18554
30443
6964
36118
39159
23982
19979
21511
4965
16349
21924
45580
23833
28728
33835
43197
3027
40468
41297
15017
3099
26147
25106
28868
45336
1872
22457
23842
5301
15863
31952
33202
19786
20991
19672
24568
20652
6144
11100
36549
5693
27361
13709
44379
22096
1777
15834
27924
20014
40941
20973
48381
34501
30323
15697
9684
43413
15342
48841
41064
22760
23306
5552
46928
11756
23871
38741
22311
23684
15655
19898
21487
37429
29352
39484
4631
8885
1591
16916
8513
2008
36757
37778
12777
26275
4328
17873
2931
13126
2312
19296
12207
33949
33278
34946
33422
10354
21629
38068
17428
39375
33325
23966
28437
19050
30186
47629
26391
45684
36916
17725
19577
36367
4664
10292
35051
2142
1342
42639
9507
4235
36843
13434
35241
18164
17402
34217
42129
11908
26908
41807
10974
42150
6524
22079
30764
36808
38708
21157
41837
19235
2731
40424
38257
18072
46844
46798
48864
38889
23145
37510
27913
19369
19170
13234
23525
2822
30553
36888
17774
5478
23133
43835
44772
37790
39601
5369
7369
19802
3522
1108
28825
13558
27091
3643
30636
48209
14941
22899
12979
37909
25921
21795
16188
47842
32965
25589
826
48406
17483
30728
38523
36416
40423
23831
18995
6490
19387
49698
5206
38094
35044
34909
24807
28647
33360
48829
20026
11281
15560
17947
37159
26144
36990
18580
36461
35980
25168
10777
21672
13958
10663
37480
2192
27857
46053
22839
49713
3436
37886
44431
44681
9136
39908
4021
19005
18542
20972
2966
32232
49800
10420
31007
35631
41641
38929
41496
37668
26125
38110
26525
9690
22203
38784
15879
43123
15296
36842
7960
6191
12374
16971
44998
3266
44028
7915
21560
13155
49097
28471
25245
236
27373
1878
19636
14452
36514
47565
22393
19711
16389
38018
46470
24225
34986
40653
26376
30307
14921
32336
10653
46868
16362
33426
9143
44858
20441
11274
7086
716
1664
27861
3417
12239
46688
6812
23277
14011
14132
36744
34545
16529
27811
38096
9059
47038
30917
5623
25243
35695
17131
23866
35784
42750
39969
5251
27279
17480
34113
40226
22125
27813
17403
12725
9127
40252
29970
1000
6159
7808
7197
31491
47352
11391
47100
18345
23746
16677
31886
1251
29780
43011
29703
24923
13019
34192
7586
3476
18853
38255
34205
20833
24106
9700
47336
43183
37856
34298
42593
33139
11291
20420
40079
8545
46977
16702
40375
26169
55
19130
4506
14252
30029
28447
7446
16422
23580
36373
9311
24726
39726
2772
48371
3361
19155
835
26166
36546
15221
17061
1036
10903
25893
47975
43582
37016
22108
38933
29230
27904
20807
14041
9433
13923
48557
26257
30884
36105
9031
43235
28700
16165
45851
32908
34267
2410
16726
22328
5010
42598
4641
24720
38260
16863
14949
8789
22706
39816
49634
298
46063
31704
48272
44283
17389
47462
40314
25764
43893
38713
26371
36521
37358
16162
33462
42547
2672
30631
29849
38038
17384
43484
46285
42237
6569
3365
28131
4440
19589
25404
27161
7134
46878
46289
13689
22469
46944
29084
30498
6763
12486
10649
6984
10812
6495
26722
39445
671
19013
13484
9096
725
21421
47426
36575
35894
4185
837
24659
23540
24887
37595
41029
16540
37473
38634
1334
19048
23339
4096
38455
21584
17320
16781
6618
36061
4629
21324
4716
45857
12968
25582
25340
20669
37018
17896
1842
25518
15888
43245
30643
22508
21004
25864
19166
17832
17708
4967
15724
44136
19909
24600
19511
16700
20994
32818
6237
26351
20941
28324
35908
1929
41383
47349
27423
38590
9028
6448
21405
21283
29699
45327
29685
1023
49528
36706
48636
47374
32933
5054
26087
22378
19378
24366
49659
16088
23897
19556
14407
45634
23958
13035
44044
19999
17331
30738
16986
7058
44054
4330
34799
20264
37767
31028
41874
46698
46574
1630
29767
34122
39270
35145
33750
38580
8558
39324
16758
10469
21196
20096
36827
11259
21284
5718
5468
17380
24921
16474
24719
18806
6351
17879
18758
47051
3082
45578
42904
6135
11683
25133
45915
25785
48
23959
35898
2954
24229
1123
46399
36564
46885
6091
20126
23922
37887
18014
40772
25453
19647
26680
7483
31603
26717
12466
16752
1867
44417
48354
36073
35261
38939
37928
34419
3699
3407
3926
25689
19957
46125
28701
30913
27378
49384
17856
42214
43797
41299
34735
35829
12829
15102
10855
26580
49753
43351
20858
35242
9348
33956
43198
49729
20449
33699
10604
8662
39617
9904
6783
35949
42949
33494
46541
18817
5545
12343
11376
41955
6067
27524
32880
11302
28499
19576
44520
48865
47979
35345
844
28547
49661
38480
6819
29947
19307
40180
32813
22788
14170
16456
29818
39342
38524
34732
24157
27528
13708
22861
26375
3063
15150
36544
32141
30182
44857
44757
33132
10343
40572
14428
3574
7588
3564
33495
19467
7331
40932
19928
2141
49265
375
31232
32249
25829
10052
36570
10537
10844
49737
10917
10441
2034
47304
5601
47107
9673
16126
17962
34272
42422
32211
30180
38332
8691
11255
19257
24635
10247
47317
45461
1193
12857
30838
44422
32099
24177
33760
16901
24767
15547
27979
6869
2744
25348
20270
32517
34136
12321
34010
9298
45706
28300
23183
37115
37385
16663
24553
49780
44022
7148
21566
43315
33570
22349
31716
41767
27559
39435
36997
45159
166
36767
17782
45984
16684
2147
43940
15732
13721
8264
7591
2370
22206
9926
15675
47807
34987
19759
799
4168
27321
5765
18569
2387
42608
1440
145
12874
7882
7301
37367
17125
33552
47342
9551
40238
37994
38119
19421
30818
24195
9782
37364
23248
12327
47095
19461
2434
1419
39667
25694
27500
2061
37118
6685
34145
1936
1180
26251
48581
21834
31888
5517
19039
48180
42725
42410
44707
16098
10586
11595
9431
46295
24150
20240
38307
30847
31799
28245
45837
44752
44101
10053
9885
45173
11056
24412
13383
5696
47741
1255
8896
21235
39411
19777
21133
43692
3659
45600
27560
12620
30243
18929
10041
39557
33664
40064
23159
17924
21708
14009
23577
14280
19554
16980
25850
32665
34011
44139
33684
4667
44984
19248
39204
23691
15049
33980
2614
6391
47552
31868
6853
47138
19340
1062
27817
42031
7572
45354
22017
21634
45625
30320
5922
10335
28067
13140
48794
34636
8911
28137
36741
25054
49236
38991
19068
27826
28301
25665
35796
3399
17663
34831
9014
38413
35939
26440
4409
21260
11798
38724
35434
19533
5824
42253
1367
31103
39462
46806
15157
16783
6063
12024
49830
4388
9246
45741
23700
28417
26495
5348
43872
8167
16576
26192
20840
11016
5027
19147
37428
16363
47410
45630
30335
13107
19631
13821
16994
44398
29886
32258
43873
40825
42177
5114
18447
37071
39503
14709
12975
3367
36770
24405
45231
33105
46642
39798
18559
47583
18829
47355
9600
23165
12025
44769
5656
2832
25406
14567
11242
25109
20484
39692
35547
31805
3865
18933
37410
28702
24236
2919
45021
11148
5810
17657
18904
23764
6909
47533
13988
47151
14575
19376
41932
9157
9772
45814
25657
37499
49456
35450
6776
23952
43594
15468
2860
5851
43460
39388
49448
37080
26263
23278
44499
9775
16698
35765
4861
8263
41381
28163
20272
45877
5768
23064
48859
31997
14296
29614
43810
13893
596
9308
24496
28144
49958
36222
37605
40240
1133
41741
10991
8980
33268
16839
34893
16750
31508
25870
5186
12277
20711
32385
27268
30407
1417
6564
48940
23613
28589
30607
39125
25543
27607
44522
9931
27707
27511
1453
11510
311
29562
44846
41333
16449
48741
4056
48051
2127
15876
38113
6487
17746
19066
2670
26182
21074
35347
36443
23106
33628
6961
35160
27933
37329
948
20362
44087
7536
30166
46444
41746
14120
43803
5669
14538
39439
24533
7532
13986
33716
35830
41277
22894
36014
13547
28450
13374
351
15413
8758
42653
38383
22767
13410
13521
48555
801
20940
21453
3722
21412
133
49279
22290
46302
46831
29256
22296
33131
44199
42156
25456
47635
36092
6693
11265
49316
9942
32057
44981
16039
44833
21414
45598
22902
37746
31475
2628
31191
4864
2077
5840
2449
5717
22922
4277
27387
17574
12379
46100
44052
43607
37967
12533
16723
44385
16028
19752
27615
42426
19396
2248
5118
45970
19271
31203
33334
38738
21919
19032
35389
6076
15133
33967
18796
9344
43366
37669
24339
5437
46725
34196
4625
10897
38894
36961
22858
41296
10480
31427
6547
11764
9412
42354
46587
46849
44335
16068
20194
48661
3439
23655
14844
35012
5621
48040
5685
22232
21754
34616
43759
30740
13734
26352
39028
37278
38722
38475
2044
12924
7473
9197
48686
27721
36663
33420
7220
44439
29514
784
8552
11620
26561
49408
3821
19391
35156
18493
5898
26874
49434
49635
14294
32516
12991
22150
1559
33113
40876
24013
45108
24941
24991
42063
42893
23386
5129
14365
26915
5018
12407
43005
18682
1278
13431
9490
17426
2398
24515
7802
31611
26301
49060
17533
45548
26160
34764
14195
28909
68
29853
6097
43355
13152
21526
22775
41543
44428
6450
24175
41893
49227
40667
13944
6900
37682
42576
25960
11000
29184
12123
1242
31499
40340
20512
36211
13094
24934
36879
32805
4333
9674
42731
5895
10569
27731
38733
12362
29302
26563
24009
46674
15245
22436
13392
4929
25598
6814
35838
49177
47439
15797
39720
28259
21138
1891
5171
16554
14663
26017
25532
22204
403
16775
18852
21535
27704
40679
17369
159
21137
33749
3622
34361
1452
30327
26419
7474
16079
40666
27349
38548
46744
18560
17240
21576
29363
1478
49083
43360
38278
5982
19819
5487
37010
47646
18402
45049
35852
44118
9199
4433
49276
36253
13138
36058
14142
1670
47287
18195
7719
40600
15090
8223
48163
33188
22801
17908
25905
45474
8401
44584
47540
12524
27648
7613
22624
27905
29963
11429
22327
39657
24537
13664
28508
5879
2563
7666
20144
32704
3377
2240
16024
41751
7485
6323
22117
43888
20922
16058
43953
6372
31227
24674
19324
24906
31906
14227
10351
15913
17326
690
21698
4655
1993
33332
22542
39094
6867
30267
20132
35465
10913
48949
44490
10279
47895
36113
10570
25794
14989
12932
3000
8852
17955
24811
23059
31136
12442
43009
29318
31954
29217
46327
17029
37540
22679
2654
20375
45248
35118
9455
39113
46578
22164
34876
7129
32005
10128
14187
6845
1819
49196
40519
17425
3992
6378
35111
21905
47118
38976
5652
42135
39959
43065
5529
14206
34539
41259
32296
19370
21965
34015
28767
27756
41968
26214
31387
23633
42923
36710
36102
17281
35292
31316
31385
14799
26761
25624
24840
9200
49760
42217
9441
3675
30658
44649
27470
11194
15925
16888
7073
17278
22264
37841
9047
45463
33351
401
37207
26822
33418
25619
22262
35122
8046
2900
48847
2170
29981
44355
17691
43377
9082
10288
13250
46549
25792
47740
24075
38081
39031
17677
7943
9130
38460
37397
22848
8740
11771
31982
32146
20989
9949
26697
18510
16191
655
35435
23627
36477
28568
30830
35454
30837
6026
9395
6224
38384
46160
25044
39146
15299
23451
4398
12767
41466
15172
36261
10500
8394
45473
35841
693
17901
31998
46396
3257
14740
49472
29811
29907
46741
18858
30472
42941
13249
18189
42940
7440
10923
6552
48906
28123
15818
5960
35779
44705
18916
24629
6249
3600
10387
6181
14750
21705
25197
29039
30588
45145
14622
10651
3561
2177
13683
20028
8775
40012
23587
10601
42296
45295
19978
17493
26168
31819
29748
22319
48795
29725
41251
2360
7530
34414
16481
5389
33107
29990
42330
11707
7027
49101
30942
37529
26056
13176
10175
28878
38008
29189
1022
6580
34177
8323
43393
25221
43486
11686
27701
4634
17817
33526
46543
12952
38740
23747
1079
27871
22251
38532
5045
5096
43901
24197
17199
20857
48526
37209
24507
14193
1928
7751
40604
20667
47856
41235
39082
42872
8356
27059
39352
28643
43336
4825
19852
37023
23020
3943
37630
11482
25087
29519
36245
6253
22443
6568
47486
6844
44323
8773
12391
35478
24144
32992
29931
31948
22604
15861
1910
34837
22014
20541
31980
5176
48803
35984
46114
38323
12911
5433
850
7849
36943
10011
39261
14380
27043
33577
18470
27422
49617
13684
27793
22813
23711
7189
24589
6543
43420
29801
2601
28819
45568
36132
17366
29414
37661
33665
21949
22094
28958
48395
15162
40080
35171
14999
9426
32718
10345
47142
31158
4368
20225
39018
6719
33766
15072
22383
10475
23693
44595
21339
20092
40431
10661
46911
47598
26015
15255
46643
45627
32075
128
11077
7877
28027
22350
9642
30841
16627
24577
14036
49099
37837
45008
41961
8696
21621
6030
20198
7018
9791
45964
18372
32479
18320
21695
40994
40658
48670
42193
4701
4484
35932
48739
46809
26092
27547
41486
42028
2977
33514
2844
8769
25948
13202
21466
33061
11774
4490
13943
32449
21883
18810
27612
34338
7658
6940
49895
40129
8362
26853
40060
45139
16361
14290
2454
26083
34664
10703
13764
977
32523
17482
49251
44242
46024
49588
26981
16573
38814
36168
7621
19301
499
43669
1560
4923
20988
41933
5155
30282
30178
15061
33937
36978
42455
33588
16180
27499
49861
32793
12916
20912
11925
6744
13969
2904
47527
25985
33055
45694
44141
41324
17307
35722
14997
22140
44576
13672
25484
9423
15041
46249
16714
49731
8256
49343
18707
9155
16021
6339
21002
46109
37629
37049
1912
21625
879
14103
721
45233
30911
13209
33277
22215
20583
45207
14362
2205
34086
17563
37368
29317
30365
35843
41669
37907
1375
32038
22001
643
28910
12006
26936
46469
19046
20914
41579
46201
4174
4570
7311
37623
33614
32228
11805
16120
44327
21014
37894
5208
36619
6117
2858
6364
39505
4470
12521
34381
39731
36206
29488
17578
37470
9758
26955
40205
32160
24764
38019
37151
45041
29012
11471
6021
16926
27815
36979
28908
6556
18425
45102
42387
34857
33433
42314
43453
7078
21731
3966
49582
18767
41043
45337
26145
1748
20172
29249
39381
48320
31479
26600
18437
30483
49027
27175
16252
41756
37238
46144
38380
28526
17232
3853
48656
41400
49686
40760
21431
47242
12409
6990
12527
13291
40790
2474
14783
22521
39998
41651
1915
48257
41191
7041
1207
26082
2304
43037
46555
9636
8145
682
40415
45529
41722
19274
39294
11218
23440
24599
13041
21221
26766
26377
28659
1879
32190
516
1949
30118
22283
15166
8770
309
18835
43446
4723
44132
14225
6692
18154
35743
45238
14974
44042
43549
43988
1857
23381
12336
29090
34398
5647
22510
21894
37202
22212
14625
5077
16445
37982
48055
25906
15335
43504
1945
30221
42795
31724
49878
12795
37390
15119
4850
16314
39951
40665
37809
22653
3149
32649
21126
34866
17269
41009
19492
17333
2399
999
44437
15488
11120
4117
9332
7176
43438
26720
31214
160
29904
20572
42258
14952
23155
7399
7110
19359
7082
8611
22047
44545
4167
29126
23769
36629
25409
27103
12881
35029
48515
41725
39179
18358
17202
2639
915
18499
34250
18672
32455
1616
17356
4992
46486
522
1093
10788
42385
44415
2667
6713
7423
2412
35500
37961
29566
2739
48316
1774
44509
19199
33574
43139
13043
23151
10886
42934
24332
49640
5441
33976
32300
44640
24295
40004
6189
28940
5119
3259
34502
10928
10884
37965
5134
24159
22120
48400
7144
22136
12845
10122
7653
45752
31832
20510
4421
31352
34745
286
4802
1280
9314
31596
42011
20785
35148
18745
23062
42261
42333
26926
25645
41461
29079
48115
23459
24504
33260
8723
17705
44063
7554
38171
8452
47456
7664
8564
38768
11614
24214
46708
1382
15514
11662
19527
926
688
8567
39578
19935
18057
34681
9218
30688
7037
43836
21280
12583
47851
3694
11454
23832
18361
30938
28645
3935
31899
7904
48077
14839
41023
2234
39593
36344
39977
18649
21971
29002
34729
32172
14487
6104
34058
18966
4195
2357
4707
626
47819
6875
46767
36824
24701
32282
30481
46237
36511
25522
9858
35019
34321
5334
49066
17308
42663
44068
21237
38544
11591
39313
15656
28418
11740
16672
46958
13419
22651
37351
22016
49248
49471
7245
21691
38616
43577
17867
40046
13785
3401
27028
23757
47603
29032
16175
3363
39413
27584
48962
29978
32117
4633
32509
15429
10302
43421
13777
25250
2894
36223
45983
12838
16283
32142
22090
22762
33176
1847
9035
14819
10696
12296
34133
7600
27176
49427
28292
16312
39185
4251
11144
16557
1553
19542
49220
4234
21800
35773
28291
13229
14647
12662
43540
20242
33126
24313
43018
14477
29694
37319
38760
4875
40113
15884
47104
49687
11257
27713
4492
17309
24978
47959
13925
18571
1101
44077
20277
17007
15735
10144
7675
48364
30542
41021
13929
46001
45061
237
43030
38701
11048
27054
36966
43894
35760
40290
9650
15169
11972
46456
20273
32191
37771
12621
3202
34807
8508
35362
28752
3449
41124
36612
39475
35158
30015
11725
32352
19610
20710
35391
41202
20574
30154
22284
805
22020
38638
28209
11360
21069
45945
7503
13156
38450
5857
1325
9866
17274
29778
28089
38111
16906
46046
30410
35101
49727
44230
33974
29169
44200
19167
18192
12333
3598
7362
43891
46102
37553
45456
29878
37318
24582
17840
43219
2005
34886
42955
12910
37017
36969
3160
15004
24919
29085
41196
30831
30910
13742
49326
31200
350
6595
7551
16553
4052
12224
32399
12267
16072
31056
22
10642
36800
33547
10181
36891
2715
8280
8285
32569
23920
12498
48477
6257
2837
4740
42458
36418
13162
132
3252
16953
34792
32763
5987
7251
48497
28649
35565
45169
44877
10701
33470
37830
39815
48769
36670
13405
26319
17014
14698
11051
25811
6449
18824
21258
12902
6605
42476
24092
34562
18485
38141
33693
25393
45873
31907
2012
18954
37574
34910
34696
31461
37036
8753
5521
26220
33221
26905
17800
6027
26813
49126
43481
11290
40543
4081
2181
39010
21774
19873
6530
30722
30000
8190
28412
30759
4438
45667
11486
41830
12914
37001
39854
47519
39887
21008
24714
45403
35985
48535
25919
14022
28081
15001
14145
43124
40297
3043
4980
29854
11182
12202
42798
36887
32488
48640
7096
11227
45658
36326
25897
10994
24258
28843
44113
25950
16130
14985
29741
39784
31348
34071
18986
40833
49662
36175
49730
36485
16503
16610
442
4867
11623
11402
17780
45723
43512
20329
18801
29074
25572
30447
27127
34892
706
40449
24502
9379
3001
4439
24443
41103
8956
12806
9844
28712
329
22046
13083
24700
43303
18949
11784
1113
35686
41501
41804
5427
40367
17751
15516
22860
12219
14785
35909
36503
6086
31040
21374
20363
31163
46723
10949
30833
12643
25061
39172
45629
43636
42108
557
38848
2295
47294
5602
33223
22314
49857
44482
2838
3647
32257
20888
32792
33410
26323
22384
42508
10298
4411
11941
25856
6503
3326
44631
4614
47924
42986
6743
30429
15531
10771
31488
20101
44016
31908
44399
43156
10858
37134
38227
9336
4137
35619
1903
22076
39064
14033
37169
6255
2644
14791
15331
8068
49691
44867
422
14823
34880
47034
4415
10449
9649
8389
44601
41861
28230
41048
17841
17894
17379
1615
37774
26510
3117
1610
18165
34643
27345
16243
23095
32084
47127
34952
48494
3295
16277
5091
11198
38720
30543
14641
46197
24465
36037
35797
43557
37832
6952
37604
24482
48492
6824
16934
41336
6114
4548
550
34689
29894
16857
12248
27583
33581
12057
16267
21355
49461
2622
24681
6234
20697
7180
40802
21328
32310
23130
37302
24896
38191
22004
20084
11579
28892
12630
19183
33997
47279
22446
43231
9697
43192
44518
45506
42200
43489
47671
13004
35505
636
7894
20300
18623
42229
49598
36251
11189
41917
14054
10561
19096
15487
12513
41885
1609
43852
13699
47067
18868
14222
29789
8205
29099
10259
24998
16562
19462
36455
17299
37034
24089
39786
16022
37868
31131
25215
44172
12087
46111
48998
25506
20744
27780
24085
14201
41918
34860
21183
34666
420
13981
38189
29208
41558
21753
16226
43034
43598
24103
18423
23881
26483
46441
49692
4789
12477
15548
14363
1166
9194
45575
10888
14234
35857
47475
7560
23803
1231
48085
31562
2811
48565
32030
34552
20333
19983
3645
40856
11275
47968
45576
38125
16097
12712
42586
45202
30885
44285
17995
29985
35089
23909
16116
22663
30076
18684
5591
41603
37052
45438
24544
23603
3362
24069
24795
43656
13439
4326
7612
20539
973
6022
17216
22872
8945
11006
32715
2109
23246
6464
17405
30550
39104
17411
36288
27564
15629
9699
36789
23496
33373
17397
4000
39575
4461
8352
28204
31968
13961
4061
16641
10935
8571
12724
37551
38420
25953
25156
16452
13180
42580
24534
31012
47385
17826
26384
9307
38162
42392
3911
35976
12688
6832
14257
28956
25347
287
46564
33844
47770
38013
14951
1601
17893
27993
46205
39025
43849
10299
43657
1499
22691
48827
22058
39043
4148
36311
43423
32183
41414
13867
27832
27548
49726
21216
26055
8884
46242
27141
17676
3523
38481
18663
28856
12377
2617
30184
33789
36675
25491
14081
10744
30199
44121
15235
3814
9872
8418
12091
14085
42037
18292
26222
28422
4412
3307
18676
7088
38215
47869
11722
32284
8222
31823
48509
43826
27661
26328
9590
30541
31286
8934
8062
45519
17076
44454
49428
6307
29645
35293
47918
21296
19980
20699
4630
15373
46129
43175
17981
26450
7281
15127
35526
15678
12426
18756
2063
28827
12166
27943
48288
42361
19140
29884
35668
21094
30036
24814
18934
42808
26211
14427
45300
6156
17539
7049
14946
25802
31829
3981
34901
32980
39768
28679
33502
32741
14485
1323
49649
30724
48522
17921
21150
44991
441
23571
25206
13913
36705
35246
34988
33774
3223
37019
10554
14306
7138
24628
25717
12112
19975
4212
4703
30999
13326
20653
11911
10352
37670
6110
30099
14474
7278
12918
48002
45801
27303
21968
9864
6272
40242
7949
44001
37547
13450
48783
5327
46349
7844
45479
25415
44723
45712
9689
38959
26644
41978
49832
27065
30062
13510
39217
7235
45320
9982
41187
387
13797
40008
14139
28390
4074
24566
11478
18567
37419
436
3708
17846
27845
44599
7705
28414
42161
49484
10801
36581
29731
24932
2058
35780
23442
5542
13826
34023
32598
5774
35744
25539
40844
8721
1152
12135
40034
23756
38243
23101
13706
19287
1950
26649
21657
15328
43386
3633
37444
48887
20571
36606
2661
37959
16344
8709
6906
37471
27758
36599
13473
9060
49311
3456
46411
28968
41421
17249
4738
2885
20177
46369
30003
49474
3474
26404
1365
41546
44363
20221
27715
32919
21036
19506
31587
6956
26736
17190
34494
35580
30836
6078
42938
11661
43077
48329
34287
22448
35849
22776
12619
46272
16131
6262
47472
17099
1294
25594
13659
8482
11791
16401
15758
6750
15846
8229
24187
23135
40602
10384
34966
35802
49495
45384
43149
11868
37631
19622
9363
6602
29432
37642
43496
27836
21236
30244
47025
49537
33300
11645
45256
9485
4551
30755
23108
34996
31340
46771
26365
33969
42348
2892
30506
30215
34712
11667
41690
49488
32817
35266
29025
42596
45755
27916
8594
17654
35439
11001
6575
1888
38915
20230
35767
24929
23054
31251
43718
47866
24158
34891
46045
37126
10154
6619
8976
9987
16542
37160
14049
1341
28781
29285
41025
48274
43850
6553
37025
47004
30067
21816
6470
2745
21180
46423
21294
4989
14338
17954
39819
44634
35777
734
22966
17568
47437
44265
31205
12365
31844
38403
46228
6887
18106
31658
30907
21844
11641
22545
30919
23930
3665
15191
25242
3623
19791
38790
12349
37090
27244
20754
23552
22755
45005
25801
4402
33532
41049
32606
27526
15677
19100
31692
6857
10614
39674
19977
20593
1134
48885
37802
737
1299
44718
40404
22737
44674
12656
38890
15356
7585
7289
3817
3896
14173
9456
46916
45781
20432
18162
11333
20179
22573
34875
47111
31415
31034
14598
14990
9518
20311
30411
20307
13351
15250
35011
32091
28831
1096
46325
24910
10344
26238
45680
11522
10618
37511
20859
42546
31650
6691
28315
532
23052
40639
20109
24638
5370
44831
28530
16835
16530
7285
32230
33112
32039
23134
15858
10489
4526
45920
12257
29487
46065
12092
19238
20670
39750
317
41860
47058
40804
36260
16560
22424
42148
17237
48868
10709
19071
44055
21445
2199
39777
28696
14784
30763
21395
20675
22591
9595
40989
27364
18880
48839
5070
41718
11631
35289
27404
30441
12636
34692
8346
45596
24226
48607
31796
29749
27948
9912
10933
21055
9805
26920
43641
26137
5599
14308
2156
42221
40775
27445
39695
26255
25662
13329
9528
3364
5866
10304
16405
11338
43445
22475
12130
35626
11357
48200
5479
27488
16261
2066
12768
6296
49055
24765
12855
48294
45136
43364
46702
29553
44516
10418
37633
33044
7913
23116
25067
47233
23228
41118
9845
1852
16040
2728
42541
5464
49470
28533
27113
9757
12577
20700
3734
48235
3714
7258
37935
36673
5624
25103
37721
29149
21048
7085
43865
37862
32071
17989
47989
5579
25979
5954
19308
43246
23867
26719
21187
3078
11140
35889
20718
17359
12454
24428
38631
44161
25998
1309
39300
631
38173
30672
14680
10415
45340
19383
7599
27384
20665
42245
8361
39248
7203
35585
22525
17566
30807
42049
45527
48629
20621
15275
16541
5798
27900
49950
41670
43962
46107
23489
5311
20330
27747
43170
37237
45985
12315
37513
29001
28453
22106
39856
38217
40172
20930
23844
19160
26840
49368
20751
43300
34189
15880
28246
14705
48562
433
13437
48665
13812
18233
21318
33842
1595
5066
30644
15760
14631
5991
37251
24491
20978
5430
24937
16085
49561
14586
20878
17248
25371
7024
26401
38647
35214
9585
20518
35361
30567
37607
18678
10203
33683
11567
26550
28455
48164
48710
38033
13143
20304
23160
43993
3845
9131
49135
9937
19564
33961
18984
35915
49016
40009
44319
41611
39076
21289
18771
1153
6467
10360
1694
42189
23213
18021
30663
704
8039
1851
48026
22086
26247
16371
27167
28726
48008
31725
8017
33037
29098
1648
29927
10948
32744
28172
40491
29844
36197
23149
22811
30771
38074
41374
25302
26740
30990
41924
28388
32362
1613
5318
6283
6457
622
4098
9611
33041
10891
34449
32584
1841
32323
17612
41450
3568
12165
33799
28988
4556
36232
25879
29400
14523
17437
11084
20820
40651
8940
4270
29520
49061
45829
24215
30349
43717
29726
15508
26299
22904
20715
12065
44901
13601
39070
36873
29118
23204
42086
35715
46222
7565
43083
20183
12241
25312
45398
30433
30666
24948
5398
7750
40899
44060
21569
27472
34541
7163
44502
33193
40550
36890
24642
14988
34366
47625
12131
38439
19629
7907
32807
9001
28397
14374
49340
191
872
4636
9034
9948
1854
25683
28847
44091
41549
38596
37070
34294
42862
22300
28746
46075
1703
33238
28807
37698
646
11088
42637
49377
47164
11035
8108
29055
43044
30583
49681
21738
2367
32620
19945
32539
17223
38843
42
36699
49441
23185
40993
988
14621
25568
26043
46352
36794
27189
23873
20164
39214
22440
33981
27439
2111
32348
16487
8615
47005
19236
9250
24283
17951
34947
40460
36361
4104
15741
3674
12903
26061
35215
32159
20964
17312
35137
17450
10290
41131
33329
30400
26057
22579
39676
33986
13746
40782
32682
36505
27796
27639
14023
798
2025
12300
5236
46366
36473
2463
1880
36846
33047
11670
34102
5053
15729
44621
19474
9342
21326
21256
25520
33874
49589
19517
5179
47720
33688
44569
13306
1427
37920
46246
40674
11795
34826
24844
14634
45180
37479
31928
40934
25564
36233
7043
39799
3949
9749
9202
46967
35694
10200
20495
44974
27810
10960
20303
8827
24127
3359
17528
20353
33783
12651
34911
25570
30920
40055
26412
46421
29709
23378
28214
38340
18279
21885
26536
30174
37650
34605
27517
28623
48290
45065
20529
40249
41341
40544
7227
46275
38927
26203
45860
37736
35545
42054
16558
38721
409
45609
8530
46374
21247
4523
6455
37888
15280
30123
2397
19119
46879
24490
28883
20009
12607
8849
9920
27355
42548
36542
48218
1327
24935
25613
25322
42518
30173
12142
13796
42715
32975
46950
34591
3497
37827
48814
44586
15660
30321
11353
47773
2581
3698
28312
12168
12313
25420
8366
35127
18089
18562
11183
4404
47415
13977
3556
32592
12371
27376
2409
8839
44159
23808
47597
40494
41230
39098
37288
31354
2669
27718
13497
7081
30379
28611
16766
5004
22548
30152
25297
11757
30758
23004
29737
31394
42830
44416
47331
28289
10337
15726
10253
45478
5390
12961
34396
14913
12805
42919
19679
6747
45283
15825
3234
11568
215
39023
11005
15931
29436
41095
23793
44758
20766
23061
1305
2171
17023
3958
28350
39418
8537
33748
6914
45409
24108
6437
36751
39384
33478
20834
38746
17806
9027
23624
4858
12833
15773
4567
14315
35060
32384
47421
15865
8102
28971
38037
46617
32597
29687
29022
16329
11930
26233
18304
36657
34897
24416
14042
38346
8671
35253
20381
11508
36053
37211
26373
34152
23862
15619
14780
43470
43914
24565
32764
3591
21675
27821
43880
11858
25800
13349
10272
40812
29083
47018
24112
44408
40383
20290
38470
19757
11673
37932
33983
23815
30934
30526
33865
2608
31410
5319
10402
15928
39470
1902
7101
17490
4120
3555
37387
47387
42107
20216
14878
1565
9150
38486
9672
15260
24717
31406
38761
41008
37200
38378
43395
36336
23308
24713
21188
35427
13773
6184
32252
16589
27971
31419
824
32014
49049
35775
5604
12359
7592
38017
19817
32698
21353
1581
14654
19490
45111
14313
13412
25260
23353
16512
20985
36173
39735
21665
8002
14087
20732
16365
170
3348
2343
11880
45707
13456
21345
1381
13347
39262
30331
49735
23194
47567
6712
16565
17386
28999
25423
3773
32195
30875
25078
33187
4171
2129
27164
28692
19023
19090
38512
29828
30451
22699
3091
41420
49272
45266
36153
47670
37232
40628
8938
41938
5310
5226
12511
25464
35673
41889
334
484
23763
16451
2233
41134
49500
47948
11226
12576
44316
18588
42119
21250
4236
533
27671
40309
15433
46020
27416
40053
31216
30681
34928
43723
31112
45636
6895
1378
47043
40298
41382
2408
5322
45856
2841
6933
7277
45528
18313
47732
29116
36440
43699
24608
6976
9909
45442
4496
33194
23915
44875
35299
21102
36352
15530
20429
35182
6696
2936
42313
10241
22109
38041
26503
13999
36993
22494
33912
15704
48635
32189
33449
8257
32555
43925
9998
37106
6570
31266
32175
23357
31979
5403
35458
48280
25374
30712
27561
23409
41135
3083
33122
27302
38121
8427
22608
29632
12292
5867
19293
44445
29475
38592
37699
14091
47607
11488
1047
48440
37520
27449
7594
44715
34907
8421
42317
31689
19706
23951
1389
5933
22515
11860
22141
4648
17400
34079
2071
625
40296
35959
38014
36405
25105
7800
24606
8846
26187
29005
17917
49192
21368
34446
45558
14075
42996
14806
33270
42554
45087
36658
3122
29882
16920
7020
49071
11882
38549
34995
37527
17466
847
6438
44717
30004
19959
2285
15228
32881
22332
42787
13021
14909
17546
2611
29113
12549
13991
28921
4142
31313
44218
10124
35324
11011
46389
29704
41919
24203
45452
17766
42523
29772
8116
22516
45376
10251
40915
22808
5548
38057
26024
48898
28978
48419
7880
35013
2710
18514
17102
24802
4808
24365
19798
30701
33821
17660
24797
6582
29924
9840
8078
19289
49732
23026
28549
44418
49758
49006
16792
48945
26490
12289
11517
7475
43921
42265
18908
15646
30930
47879
43936
8528
19318
5203
20222
45009
39207
34040
49865
35699
27272
8937
5815
19548
39273
40509
34950
43590
12167
4144
12049
13266
14128
5101
41939
8016
6586
13851
14815
5277
20245
37833
49699
19972
1757
26676
15810
2252
21699
43658
23790
12818
19354
6392
9392
33496
42454
25826
7790
30994
20765
5572
3103
4627
26086
3997
5376
2414
13248
23888
19107
46035
32051
43997
32371
35152
34568
32403
35888
26898
17399
21169
18179
46291
15956
34281
25279
15379
16535
3720
29716
35071
27891
6115
11556
5194
21983
8037
7741
34307
27134
38043
27505
34247
852
9365
17336
301
1358
28553
37704
27155
14039
27487
17679
32673
17033
12274
31605
38235
16057
6152
49867
13459
43329
7604
7305
45958
5153
14959
28560
9339
46854
41472
15503
49391
7973
46901
41560
41785
49626
13402
43237
14866
3441
22512
26453
6778
24850
20986
8240
41586
45807
32948
12492
5075
47271
127
23934
15354
608
44387
35805
29159
29529
40088
3215
21829
38453
39221
32959
30146
10716
37039
39271
28304
41840
35724
4448
5861
25271
49261
20036
39103
8160
38197
23189
29388
29784
13871
22661
3011
44474
21645
14601
39949
31866
25784
3115
16830
49576
33854
23520
16071
430
32923
24594
10998
24005
40269
36306
48542
5195
12734
38
38683
20786
46139
23420
43725
24841
548
43153
25086
26944
43348
67
39520
37596
21712
2692
19843
4323
43838
3704
25383
266
38737
15146
17442
10648
16495
17644
43895
24378
27883
37648
45917
20295
17907
21039
2190
8007
29240
29330
26250
14486
10730
23740
25438
27693
3414
5842
10833
3127
15471
34380
23333
38028
25795
4883
20425
22126
49762
15308
44943
32941
34387
1711
28004
21587
44106
38830
34661
857
17144
34270
31179
28371
30987
46557
16760
48363
23012
32326
41688
42415
29248
22439
35707
3936
19382
4606
45720
1132
12439
20145
36782
21167
26856
19453
7549
34607
34444
46489
21773
18744
32207
30355
43520
46877
14632
27785
8405
17292
48464
3352
8698
40271
27646
42595
29509
45656
5830
21693
32643
15392
20548
12304
8828
36826
8272
11910
24903
41542
41174
42035
49502
16418
38270
7602
40697
33513
29971
46361
21984
7400
39033
6059
42679
33412
39971
31493
46226
19067
7847
19924
16034
19111
11616
1533
39775
15938
31615
12868
45420
28541
22825
13608
24368
5163
44701
13552
45934
17339
28419
28814
14659
13198
40820
1738
21123
38979
4310
19835
15327
44892
7214
34474
328
14898
28150
19842
29483
27852
47144
15744
9616
39523
16592
4294
35224
19899
30697
12246
23995
49512
27632
6506
27717
20804
10967
28648
32205
314
18445
3195
300
46156
47611
28360
4361
31983
4821
31691
22765
46932
12389
27379
47314
24263
34083
5035
48023
40331
19724
31420
2514
43670
12623
25912
29279
995
39370
19418
42312
27819
44610
29347
41500
17088
34673
15168
12901
32868
22741
18468
3549
33078
27367
27775
48383
47658
31155
9382
41355
34485
42453
34306
34838
46012
16948
37073
34249
38516
41979
8577
40103
4068
12850
49129
35379
20929
22037
11261
5606
29129
11998
10105
47047
48517
47335
8621
21310
49967
6534
27143
42701
23464
5658
13770
29154
28328
34832
17975
28487
33505
15241
49430
21602
43051
6435
41190
23637
40174
46669
30778
13235
19603
21613
42102
17155
39642
48546
12665
386
36883
32187
25545
27021
381
33415
17616
39056
32676
29401
8279
26188
49481
8960
46865
31224
19801
2278
16772
23701
13842
46824
7363
21886
1142
24355
13028
614
44926
28618
18978
17857
23607
44964
22652
39139
27027
10268
27986
19388
13336
17244
45017
14232
1934
16759
35341
34336
46724
42423
25434
27418
22973
34459
1298
23766
18784
41129
27333
33436
3330
22710
48467
46087
25219
45745
31970
36918
324
12281
35708
19601
10066
32769
32261
43121
16247
9138
44351
49302
7746
15648
26153
1590
19064
31341
43544
43376
42491
37186
41046
14715
18618
27860
6669
13798
3582
44830
35063
25940
47749
42833
27866
1515
37189
19520
18420
1629
48979
7450
37636
28250
17927
24598
15940
23957
45210
32786
10236
17120
4408
26857
26121
16207
37064
24421
33191
32405
40124
16101
46007
6529
38188
33229
12450
2834
21887
44094
25704
12522
8126
7171
12936
21348
35390
38624
4092
39321
24784
45977
11913
34256
39594
32429
45485
16931
47957
39598
17945
42044
4928
18807
47886
21217
12373
45511
21859
42020
44473
3932
13213
40421
45765
46893
18396
7606
43634
47832
43691
17340
30492
13905
29106
48967
43447
310
17398
8086
25971
39650
27382
26240
15710
43381
4031
40629
18000
29742
11923
14356
18989
23864
9857
32850
10613
34356
15518
40919
38813
46763
4880
11025
729
35882
16358
12226
17063
49021
46095
6536
48378
31614
37955
30169
7393
33679
41079
10114
49234
42544
13892
34787
7056
41122
41580
15621
31241
22969
40948
48855
668
43768
38381
32520
44670
44754
13822
43904
49903
23852
7460
12877
41877
46202
30732
2982
46494
7270
5825
1848
36649
29164
45894
26498
26079
3766
33026
16234
1540
5472
41883
7299
38176
26624
48969
46404
14537
29100
39734
44872
11598
43151
8633
48753
15466
11755
29544
3819
38734
272
43524
29133
10433
3263
30556
13033
49122
31411
21667
33712
37674
20444
19178
45044
26604
46566
28777
24972
28303
40133
31575
21980
37561
23923
29038
18731
23122
47592
14149
2001
41643
10925
43111
32360
29430
45588
1012
19575
8522
24763
38353
38010
32999
3228
48386
25121
9521
3566
11849
24867
23414
10341
8426
35886
18055
30012
25194
16318
20261
33642
13312
29845
20293
48444
15927
6322
23023
28439
47455
46479
24956
981
39670
39419
38440
47312
40691
26842
659
26987
39872
1754
46668
6065
22485
44380
40533
34839
3562
42093
23083
29846
20158
25296
48534
28094
17420
39216
44812
13677
3655
3382
47071
7981
840
9739
43029
38810
31764
16909
45094
32501
18905
203
11520
42218
36150
39425
8155
23142
1485
26242
18172
35211
24687
45422
21692
16248
4982
19240
25375
18899
29145
37560
12288
15223
26639
13990
1369
47252
21399
37901
22544
4807
25462
20747
7114
49896
5887
9907
32009
3164
18197
2737
7511
19249
27305
40294
32481
6098
41427
11162
44663
28632
39212
14857
44709
13420
19360
9555
17592
34652
35333
16448
42809
40358
43472
11072
7736
34206
33904
30648
31083
48111
46760
9710
6265
1356
48236
8113
15278
41764
11782
43650
47562
2773
12552
20884
17600
1283
46255
41788
5180
12804
7812
25686
29574
4420
41943
20404
43286
2535
19268
20004
45668
2552
37225
32942
6674
1997
24571
41691
20819
4528
30313
41430
26764
11654
8747
48035
38390
9556
12094
9276
44747
28911
17763
5938
2082
43089
992
40540
16410
16199
14554
18970
19567
18565
30753
49014
10404
9764
32438
47499
49331
10798
19276
19133
27730
10827
39193
31076
42524
26882
7769
36630
29339
27255
124
16174
7668
29009
45483
1516
24660
15083
10581
11112
12780
43264
14001
3260
30998
10340
9263
36596
34955
7143
10477
16094
13771
41425
48426
18957
8706
45808
45645
17636
33074
31828
29170
28522
1004
9113
48001
39014
43537
20476
20668
19062
6930
39609
19044
47983
4752
46211
49877
3889
15981
38268
36202
39846
33320
6820
41169
20797
22048
26090
4677
41702
39704
16328
38673
45480
47882
33084
12299
3392
9229
30473
47582
23899
19319
13935
5651
45760
24995
5981
4131
33651
12177
45316
10869
35173
31279
38598
45475
17504
49545
26345
3067
42961
16408
36635
4698
42588
14263
8687
35405
25733
31598
5917
25803
11548
18679
27278
18831
38786
15665
33216
11452
8042
30261
19305
25436
37963
30343
6942
40757
3452
34429
49194
30095
8414
40372
5446
29900
321
26968
18196
18909
24697
28335
7895
4274
16943
46181
30593
24559
31480
40612
43127
33031
7850
47298
17895
49007
25144
42400
40405
11279
25277
44919
26281
29134
10999
11944
45214
39168
39711
5884
24569
37205
37274
22180
23092
49648
36000
28829
28862
26058
15679
31299
48618
12579
33672
18598
41327
29688
57
40323
2562
11064
14925
28891
2870
26497
25075
8656
42887
14706
36228
46345
47522
47847
74
20772
13588
581
22838
25975
5300
42957
34065
15935
20545
24676
1465
22253
33511
611
4744
26179
8642
24222
31606
32707
26737
6344
22915
11299
40958
35669
43930
16064
20187
9777
47536
3864
36047
32532
38498
8270
21116
24688
12390
39126
47394
23117
25389
27438
44652
25927
5111
33482
48883
18059
26143
22137
15806
44313
23738
3506
27045
38787
11844
20664
8727
29807
39812
4413
42582
30678
42123
11582
20897
12683
30161
29057
6185
13391
35128
40536
4826
15631
33267
42971
25555
15069
26961
1067
46718
41003
22810
26499
23905
37773
23259
49335
11433
10705
3747
47348
5173
24771
1592
22997
20010
48491
33226
31150
34794
27854
35496
46808
42298
4106
3638
49114
47526
32447
45252
8979
718
34566
37847
32418
47673
14692
21502
8974
15037
23529
20391
28331
44294
28233
34924
41016
45134
30856
42306
13704
43959
36147
5779
18152
10204
11845
44646
31749
43244
957
18427
23129
12770
10929
591
24182
33065
17229
33733
42396
41844
37599
6230
15701
35759
25933
30971
8987
38465
31573
19651
16650
36819
13888
343
3656
9390
19875
19503
49523
25331
11114
6754
20950
39409
4786
7505
20618
37040
3354
47574
46548
34920
17523
32254
37079
9473
39584
13644
34647
7260
11459
24766
12173
20695
7798
7506
46078
34420
1892
17640
14972
24110
35077
14218
47386
5196
5209
41823
17591
206
16275
18004
9019
5936
39022
40023
49722
34642
1698
3280
49695
3298
9009
30205
7950
39336
1750
14004
3413
10531
6138
330
44568
2577
8043
44117
9287
2520
2598
47436
39687
22871
223
8051
48086
42267
1468
47973
36709
8302
26750
29498
24282
22318
14623
24799
23297
30600
17492
41497
41814
500
19638
29976
27630
26414
23167
44504
21463
11186
42836
8903
46066
37714
23311
33667
39537
46193
20592
22782
12159
12759
26478
41868
672
32721
8292
19472
12126
30983
36403
29660
1236
24616
18171
34862
36220
42340
24257
26642
12553
26820
5546
26621
37193
35153
3040
40497
23028
8053
47612
24758
22281
13635
9175
46467
24803
22984
43579
46188
18277
36984
17973
40440
24040
49636
34856
46882
21057
32468
36151
35972
33183
31682
48946
22218
28266
29231
8202
41555
44803
30462
14525
14268
4550
48836
19379
31082
11087
9972
30495
5216
43081
38474
40869
7518
45843
46583
30540
23911
40972
35203
1486
45243
41526
46385
26246
4680
33589
2004
39539
23768
16122
44827
30785
16001
24917
29462
18630
9232
4990
25073
429
42681
33405
26767
7339
48297
37644
23749
31753
31459
48141
2805
44688
7332
6695
43141
28924
458
5564
48611
47964
33162
18489
32619
8005
46902
13426
21622
17502
8359
29830
40177
43165
4063
29481
33060
5790
24990
1870
24786
32652
39158
26131
8199
37693
1730
33522
795
40975
46694
28646
35783
6478
842
21745
37624
38261
6016
20763
45079
29933
8534
16426
18126
32358
43374
767
46465
40379
49767
9133
33680
33729
37182
25366
41915
36881
35002
24216
49910
22559
1025
25441
21136
22908
41298
21135
40542
11013
11503
17167
24241
42329
26284
4565
38345
5466
24913
11411
47734
6429
3268
3443
37057
32935
49858
36736
49606
44664
46613
14347
26030
44010
39387
47810
38400
13930
7169
44019
37148
9545
43066
28416
3486
7140
31845
15404
30334
15383
39084
24369
22639
24462
66
22621
303
31176
14993
3018
22128
1771
26831
39483
29233
31029
20214
10619
7035
34038
25563
8015
3165
28380
36009
19970
13403
36216
49477
43996
26852
42680
9628
4380
29293
36207
9517
10254
11859
8419
23236
48766
34117
7962
20880
15428
7116
10446
38352
16738
19869
26772
46905
7013
10339
45360
34153
34905
2950
17464
24521
33682
5782
38752
5892
37435
35502
40968
33962
5914
19073
28
33413
16067
28749
9935
47315
9618
9333
886
27716
26468
21163
23670
44581
13308
47572
2065
26951
38205
19450
15692
44534
46676
1756
21020
48649
39414
17785
43568
23352
15738
40787
3687
26538
42140
18626
28020
8708
34594
47075
7126
1422
15789
10267
46480
13236
26455
49669
41270
35834
20479
14558
37256
36379
24347
14470
1377
45161
14432
29323
9938
35612
5076
29297
37127
652
4249
12212
4265
30780
15200
45198
39121
2978
44505
19298
44419
35687
7610
22511
2333
6535
45484
7548
43728
38459
33817
29902
21897
10758
43772
9769
38437
21012
3979
38723
16136
34014
20849
41240
39291
38026
31458
48527
12120
42163
47301
29269
22289
31727
37031
33569
13154
15728
35913
41931
49949
6671
27935
47480
34827
24755
37242
42171
34770
37573
10374
10318
11010
33389
19941
25439
31230
12342
8986
40724
37536
37761
45050
47667
30653
26515
38306
40295
13703
29714
35033
30633
9448
4998
43007
41453
22261
4849
4909
35574
9893
14029
15178
931
8132
24219
48334
7022
28626
17267
35225
33121
46568
32936
12713
15043
3780
12086
2508
37469
14458
24457
21822
10723
36296
42046
47339
7417
5434
12820
43876
41276
31791
6915
4819
26311
45085
23779
29661
40682
33438
10462
34663
36317
30796
44223
39361
9085
16985
46287
21194
1424
3651
11491
2423
44809
35790
46509
33943
46837
22066
44053
9956
2126
38726
27724
44245
30662
1948
31961
10728
36414
2952
32422
43830
41817
31882
2962
48037
17741
27513
22797
26918
33710
7132
21402
23735
45190
38965
1840
9411
4735
6655
6250
24162
40687
21866
17019
33600
33376
47191
35997
3906
6968
4843
2306
39820
42825
24662
43602
39800
17375
43266
22529
4255
36357
24614
36533
492
21996
16932
41388
25596
9187
38625
44889
13316
30762
1339
14804
20424
39003
20493
37656
112
41745
18203
10243
14260
40652
45971
14202
5754
31021
48830
44994
33601
2031
529
9404
19326
40277
42895
16834
33755
19182
47828
16149
447
13100
12883
6477
19229
21458
15845
9837
25157
46282
45188
22800
30611
11499
35731
14778
32779
23606
13525
25477
9962
11833
34328
16492
13752
48956
25896
44397
12354
18453
6731
43506
43003
13735
31174
32901
22991
15124
18321
32251
47109
2523
37185
110
5803
35005
25285
5456
42578
7969
25894
36120
30162
16499
12221
38648
10218
1158
27398
59
5968
26597
265
1593
19054
15769
32699
21656
29112
45250
7438
48578
29160
36144
41758
48985
44866
43984
27876
25280
10937
27847
19838
6297
31637
42694
16379
15435
24351
45437
20151
15904
40231
42299
44302
8837
29270
45334
42882
7411
12428
9891
19011
4035
25989
4163
45078
13902
39487
48553
9378
2477
5328
37400
6220
32671
42356
1405
30716
5493
701
35443
18212
43433
22631
28963
29657
25059
23853
32473
5785
12003
27582
36312
36878
25039
7202
26522
49913
36122
10516
14057
37447
32221
39312
21710
34339
34334
24852
28231
3002
1018
30950
45953
30120
34680
15967
48655
5626
17897
4201
45660
10189
42079
13878
44102
41668
12575
13897
27652
18330
2051
22752
13086
39137
16869
17564
19716
14179
16049
34756
35643
21208
29368
31673
16662
12462
22736
48505
17363
15784
25585
14167
29724
35613
29686
31893
44483
19165
38471
12737
14887
4727
23658
7628
9452
11816
23039
29291
8793
34937
32416
37620
35554
34625
17145
15682
22168
25117
28759
4267
38183
48360
34752
19876
40178
46214
44491
17270
19264
38668
28763
36370
30765
2898
30744
13169
20554
2992
41405
12079
22381
12836
47228
43511
19624
40059
41661
28629
38773
12473
35583
738
38613
47041
45537
3271
39795
15167
1253
48800
308
12455
47604
3879
1429
35925
17692
39020
22985
7378
16959
4115
3965
19778
46231
16939
2924
39991
25535
1556
40251
41232
30277
10250
29250
32339
16510
18062
49025
11348
49811
11521
33411
25020
37812
9504
31581
405
44114
15126
38157
22830
23537
46304
39839
5461
38370
31089
30604
21028
31728
45100
37433
27253
24353
13945
38373
4534
5373
15909
13968
31568
2174
27958
33160
3721
46450
48743
15730
34718
49652
28577
19464
28083
26678
3736
42434
13282
21050
3173
45930
16635
41683
8287
31900
23078
44070
36324
36867
25807
6123
3933
1201
37749
22229
2176
11712
2021
33681
47483
991
26647
33024
43932
41292
3128
37130
1210
10975
9526
19710
39805
30739
16489
20377
48069
29081
7204
32522
32983
2899
29708
5648
47913
19618
2543
11775
32804
27705
6243
18234
44100
6052
7304
49017
46787
14239
37161
28103
21494
2227
30683
40222
34178
27410
38679
34169
33737
7615
38451
30822
8602
9765
46558
13178
33490
46947
29593
49880
48590
41329
33707
27466
23961
25626
2292
7655
32821
36244
26469
20943
21925
40973
45725
43211
21926
48042
34489
19661
12519
44357
670
1100
43145
39131
31269
9221
7291
32168
8169
14646
15787
30564
30421
29806
49346
33639
8928
16444
20186
29919
46210
7706
43403
26635
41540
29954
48953
11121
5240
9315
8165
8207
33666
40293
41942
7014
29960
13674
25042
41172
6309
19776
20513
6389
38661
26694
4238
19524
1027
5883
6380
4164
6771
48697
30791
2985
36319
13894
16347
23579
22611
11386
39659
828
34530
43593
33704
41178
39392
25452
28889
25751
3783
33492
5164
20771
31471
37438
37153
37675
1220
42110
7866
28035
43221
29404
33533
32272
19514
14793
14163
45888
36976
46773
25318
1065
18494
42866
37244
6263
35620
14744
6302
40556
20702
21571
12969
18920
43334
41001
32410
22759
7501
15457
8125
22836
8276
22123
8964
36780
11692
40929
1809
35073
76
47229
30022
5365
20992
34125
40492
16533
33020
9080
15886
17062
38297
34992
21473
29433
9239
31134
3270
28641
25862
40348
29485
2994
18300
20782
32832
26474
34755
46683
43864
38025
15068
1480
35729
48550
1024
4613
36135
20234
1314
13524
39368
9260
1603
6369
47750
43457
4827
17784
31847
9479
35800
929
36270
43094
23031
1246
31933
3503
385
24141
32795
15593
17101
35988
32928
47220
20729
23016
49654
3693
47419
11698
24221
23021
34621
26845
26129
25227
21223
26193
40017
26646
7178
33743
29165
36810
3495
12413
30295
44645
18845
22673
41478
30391
38433
47805
17157
3174
14415
7179
8495
39224
11526
4638
20590
24324
14255
35471
34535
9829
16317
46031
49678
34171
42714
14881
35343
42527
6367
23125
40690
47815
1472
2432
11535
40767
44798
29651
47725
4241
45641
39901
36701
39956
48105
5481
36593
8304
46695
4724
29378
36083
8232
15939
25309
38860
24343
26552
13157
7131
5178
47145
34765
24535
28302
25955
40598
9762
22816
48079
33294
31393
41678
49671
47726
24042
21592
35222
40073
48421
35117
29949
27984
14482
28168
39267
43419
34344
49011
2139
26630
8812
29776
34470
37760
37440
46874
29586
17187
6800
22509
35967
1923
13080
29606
37105
44930
28615
19906
5823
20080
7550
15893
21481
30203
13904
15894
49365
18194
13147
35334
8035
24643
23262
7843
41726
35484
39909
49140
9198
37144
19339
20120
14434
30274
43436
5296
31642
5957
2203
27120
11501
20193
11489
47875
40407
16706
19559
48797
12176
21802
41278
5306
23402
39905
19010
49596
44006
23660
12921
33500
22247
8851
18918
1183
2943
523
22930
9464
20814
19919
32557
3584
34471
45687
20910
33898
33417
23299
13173
18737
18540
7449
49361
28166
22367
34090
31213
42280
27401
31206
26003
48423
23805
39401
18052
34610
18434
39255
8464
36078
7887
945
4540
35423
13081
22539
19265
16954
49166
13340
34447
31651
1579
23652
29195
6634
25561
724
41145
3098
12957
6010
14318
14226
5668
11165
18111
46394
13695
28638
23475
22635
12045
35883
32238
14137
35844
31930
40916
30257
30113
1385
10141
25177
31292
37848
30175
20284
25834
38406
48092
36603
12588
38242
14544
13017
1167
26886
10644
25443
49260
11875
28462
20346
32250
12011
39238
12769
4830
35273
7208
40786
24155
17645
14930
41567
54
27884
26809
40824
22085
20413
1621
15258
45824
22714
35589
23410
26983
19653
34172
39723
21290
3120
28325
19741
21701
42958
49765
24849
2690
47997
22745
44728
15386
49483
31014
13600
46054
49493
6358
42852
34362
8585
4002
17444
5021
3373
28630
9724
1293
268
34870
558
47269
35187
28957
41443
7791
14019
17804
28634
34025
14729
31859
21404
37655
45935
12030
22226
29793
26568
27042
9969
31223
38067
41256
10256
38163
33558
23718
18315
44713
2993
20683
46104
14865
4537
7569
39891
3161
13339
4964
16271
6899
38249
22602
48156
30065
13270
12997
338
10968
22916
1483
3029
30455
19351
29155
4030
36469
23518
44410
47014
35301
20841
47361
22479
3743
10872
18735
46546
23760
27079
9761
10684
17053
33425
29209
32234
19017
41458
13125
48441
10261
5585
45347
37725
14627
30752
38291
47102
43206
49996
34101
18991
34286
37098
3304
15405
28965
34601
5827
37842
26132
10172
25344
32645
36038
11157
32904
17556
13544
10609
6855
15410
10762
49842
28672
33015
46200
13804
37467
24186
6962
11365
44164
35941
42864
3429
27749
22637
42397
37791
3344
33224
19611
25052
33189
27216
17435
7900
11765
47541
10767
11663
6259
10857
22901
23267
1793
6330
6293
4708
8544
19725
31390
24185
13009
41024
22798
9280
4176
34608
2679
29496
1002
3233
10007
9358
23647
19152
37055
40507
46286
1676
1489
6335
30143
18815
3467
14192
4833
18487
12232
14100
23937
37739
8377
14830
42089
29740
33220
20877
43665
30332
21379
13882
30964
26667
41180
36362
37442
41028
26231
18509
25599
17215
46257
31511
33731
44298
48615
20125
49204
48352
42540
48237
16433
25461
245
11706
18669
41313
34404
9091
3608
40016
49399
5273
14372
9069
42249
37072
26754
6113
17352
5028
44444
32087
18166
20917
29018
42574
5098
41107
21273
13184
22506
43463
49118
27352
49734
13554
17349
37439
2803
42536
42571
12236
25701
4014
28548
19726
35322
33298
49023
22618
36266
9007
44944
41257
1906
29490
24022
44484
40224
42402
4519
20168
43815
26106
49815
40094
41892
17656
30413
479
4313
2468
35218
31702
30035
32939
9277
37523
33362
28101
17625
9160
33416
35248
23572
25470
49186
24734
1118
5211
393
899
8543
23388
4477
9698
19606
1994
15723
21510
39898
10664
6625
2884
27608
24023
32612
29732
26893
2238
38527
39766
9052
36776
18333
18928
34623
5821
23578
11451
42256
15409
34981
2026
3269
29334
6384
13226
38055
11727
25085
33549
10672
23968
24321
45446
13418
8024
18264
5231
48912
8838
33184
6269
43158
9462
6689
40648
46663
27627
6708
22946
12264
40853
26843
35022
48206
48112
40647
10125
13828
18085
27001
3036
5811
3327
38552
3812
14712
41225
320
39247
25574
19505
30317
39408
24294
2983
46942
2879
22433
11273
44650
27952
10037
41368
16104
26818
27257
27684
47159
45936
45798
29580
6432
11277
5773
37141
6982
8154
41002
21737
23610
43521
44095
16461
15220
38135
21097
16447
2269
48594
21377
38473
14423
20610
40182
7927
8171
28220
38496
25316
18270
15546
32062
38806
13376
28764
14051
37657
27512
20283
2361
18759
33700
1241
9639
48644
27734
8413
39400
42796
23325
1155
26357
24059
6848
1682
34365
8525
30665
1396
16632
4290
29319
23600
3928
22920
22513
44211
40215
42461
48195
9372
26309
23085
34346
25314
27703
48524
36747
40771
27090
3505
32848
6281
8123
45670
48427
39213
46682
31409
13920
13368
32924
13795
43184
20178
6387
21047
18236
10593
27873
34021
36279
12923
36540
14533
8908
44739
6480
8249
1991
27300
39452
22702
41692
43181
64
19347
38505
4814
37846
26454
35020
27240
49764
45767
28044
20770
32115
36149
48425
21777
32420
40860
42685
17054
18687
47166
21632
10813
4517
3251
22667
6974
17017
18516
47878
84
20939
47618
47259
23896
7936
32201
22717
7184
36444
1212
15439
41151
42926
44194
42693
17353
34515
35250
33847
33243
42153
33394
42846
13732
46961
46355
9266
46768
21110
20735
36301
36335
38837
40157
5381
38941
3525
12107
2221
9608
36932
14589
45099
36272
38938
18227
12847
482
21370
5329
41476
19479
12
2486
40406
9578
23346
42424
17577
21546
20232
12716
37194
32546
46391
1825
9327
40301
45612
9567
19755
31545
46887
19430
31041
2422
41799
14904
27365
43439
26733
18261
29771
48774
32912
35766
40983
27886
21845
42278
23834
366
26513
16167
37224
23555
45859
12626
20627
23965
46016
6898
49143
4396
30597
45556
12985
26850
27818
45565
13507
8952
42831
27595
34370
4051
25179
8744
15976
4188
10631
42076
31698
7247
40456
47883
9238
7710
30773
29961
9842
37685
17750
3627
49599
40378
13898
43053
39521
11313
44978
9406
27307
6012
8331
34638
49394
37524
14816
19771
32566
28313
33856
2268
14835
1109
14115
22187
18185
47759
45509
9089
41428
19151
22708
24049
47230
14061
23541
18389
4130
48422
33402
10140
17635
43969
6247
24316
43574
38138
26423
5136
23946
16803
23337
46227
12184
5044
3172
20359
46603
15094
16905
47554
9594
2108
18322
32404
12954
29376
25678
199
39543
12117
31877
6688
3347
34694
37252
47513
5967
7028
46022
34570
46602
11258
41168
45688
5372
35657
46540
36539
29469
17978
21597
9251
3658
32937
7770
45255
11559
42655
1386
22227
32364
8790
49985
35205
5594
278
28527
46559
40327
18351
8866
46048
42520
49120
31923
46064
40120
21792
44021
29995
5265
43931
20218
21852
20276
12600
49038
2638
32279
12697
35700
19186
13294
43615
39863
13531
8241
14779
18206
28005
29759
20557
21596
12823
42269
33262
13518
49487
34834
43130
36145
18922
32184
42310
13553
40444
17064
49841
10322
32916
25965
40699
34400
28962
21501
2594
15226
13823
44603
2097
33474
14398
32078
438
45665
32541
7462
33340
1522
48321
16266
11304
8157
11463
28735
788
47731
34164
33347
13260
26958
36624
39958
6427
42673
158
44487
273
36551
20052
33901
15855
2116
21785
14254
3806
39243
13559
49514
12556
32530
18109
16321
45063
42377
30916
717
5418
38153
14450
30247
6020
42033
18355
27220
13885
22177
10416
26049
48260
35727
21635
26372
46616
13813
34460
19510
24572
36432
18038
8614
6332
14996
47000
31015
45845
43869
31565
541
45676
7391
43998
9579
42192
41087
10270
2145
15556
33893
29642
31912
19563
34631
22974
25550
43796
23925
4029
15570
29402
44324
825
6381
1364
46851
44806
5990
8931
5927
25196
8027
35761
16845
45552
21877
15423
18291
36256
34223
42703
26138
34166
45784
36897
46634
36678
31816
3007
19228
39063
48514
41857
11438
5801
32658
5725
26957
24016
22382
17561
21724
6567
21139
41161
24297
6874
28296
4458
25261
33973
36250
5935
16005
15933
28121
36518
48203
35658
43824
41792
25158
13435
37878
31757
645
11326
48261
41983
6472
38603
34378
12408
11581
10552
16876
18543
4658
45644
29219
40045
24272
26931
24081
40763
41286
46350
28491
28683
41766
20443
1199
39513
24256
16964
26553
43359
25275
12378
19405
5720
45240
11881
16316
44577
6484
34000
44459
30390
6069
37676
44767
15357
46786
6014
31683
43274
15318
36229
12862
35461
15896
15122
24280
5560
17764
27129
45729
486
33635
6415
37050
1971
7310
49215
20565
32844
11428
49503
14060
9361
8681
10222
34714
3854
6911
27429
16212
5405
3748
48561
34440
418
8396
17177
42912
31542
47680
34836
34098
36940
33606
24030
39279
24399
31719
48152
29123
36305
11583
27896
49813
21688
10942
26016
12093
34806
2960
14509
22598
11449
24145
46889
8684
46418
8341
29582
41141
12999
20591
33323
28602
43732
17659
48186
42374
18658
21995
12150
9320
14089
305
47461
7196
20136
38872
11739
22130
14530
27467
28262
32140
30484
5286
45708
47318
14644
33900
9235
26972
26628
8469
24142
13605
6810
21329
37163
31918
11103
11156
4505
13959
32083
6985
20271
839
25757
5699
47441
36725
40151
9992
18295
46954
709
9513
18864
18794
17204
3535
36275
19912
13541
36291
17288
40743
43823
7773
5282
22182
34596
43929
32787
48853
39989
2236
9740
43002
29959
45622
5997
6028
37167
21981
42819
47561
3
2589
5692
37853
12394
17769
13728
34399
27742
8261
5500
13597
3793
20162
31711
44659
13413
23775
14351
17798
32081
31069
14262
38583
13144
41666
7670
18589
4783
27372
45358
26386
46029
42181
8732
46037
25426
17047
10773
47225
37457
36292
38494
35578
26585
42301
33196
25725
29555
29729
27921
39009
21089
42942
3343
16745
41646
26504
4943
44976
14813
17952
46358
9634
15550
18216
17234
3432
47811
23057
17228
12482
44370
4678
2047
32065
19283
13163
47848
39730
44921
25831
7542
27609
32571
16777
45129
14720
22649
43091
9928
3742
43087
1306
48404
27667
49
23576
16208
27026
32475
23007
7619
676
13838
44636
34967
2557
8284
11260
36554
3782
16848
6670
29281
3378
22790
24228
36289
10958
48356
13705
12661
35399
39337
35080
30677
9965
4299
35258
32932
38964
34676
1221
1773
42743
18958
46649
17378
26031
31470
8826
32280
20450
38805
40058
15155
35537
22361
24172
11772
24020
371
36217
1146
44810
26555
172
41894
34057
36713
42479
25969
17486
7386
43327
22179
30328
21682
15110
49976
27995
19699
10679
17599
23472
15312
14221
21799
10670
13307
19922
12947
41882
24679
28107
21598
9428
32633
23302
49299
13256
24562
13493
12366
39306
23429
32233
20018
28344
34906
35480
46093
6126
40623
31898
6912
39509
341
480
37569
29501
25037
38819
47092
22806
41597
7637
39771
45411
11946
7540
6657
31164
13393
10465
11532
621
2480
32636
18581
36917
17713
12982
33265
10887
5576
18622
43038
8319
10346
38039
11660
12078
9408
33364
25176
39928
29644
44284
21908
21389
61
9887
15794
10847
16877
14281
20003
26151
49916
8654
23902
11085
22372
45512
18654
38513
44760
12339
6836
47579
6494
48191
46207
38904
16820
16065
881
49994
41999
1272
26608
8032
39376
5130
10324
35497
35940
28404
7777
36586
40027
31006
37622
42871
34754
43182
5013
25909
5223
22660
19217
21037
11635
568
12863
35489
46624
9310
4944
41504
20944
42500
24133
29871
32158
21483
47066
24609
5709
49855
14854
27772
17170
41471
2119
15698
4604
37474
10724
33593
13476
10526
16460
37229
10922
47285
6055
16945
220
35419
28084
13793
4670
27521
36415
39579
14
23320
7509
20494
30534
28132
23163
34776
38586
39075
12893
46252
24125
25839
9434
21084
45003
149
42916
46006
15669
35217
22959
19237
41055
37293
42459
46758
29833
21990
47688
5079
32554
4005
45607
25536
3952
41735
5235
49069
7034
39982
26399
40529
8098
24146
45838
19203
20348
30974
23350
27288
45184
15174
42435
4719
1663
3340
47622
39673
8890
40570
17900
20396
21954
22293
32478
4593
45353
38862
36098
28622
3843
25155
12624
9818
5197
32709
2350
37747
35476
23935
44890
32913
16176
21536
1034
6128
22389
4054
29910
6677
1045
43084
41910
18727
43103
332
36889
44304
5332
28930
34546
28379
6371
22002
7115
49666
49742
11993
20103
23221
5308
49201
12726
43367
342
14341
5971
3641
13259
47163
18897
36398
6908
41743
3594
44761
28157
12673
47704
14471
41601
49480
44383
14976
22687
11541
18354
33930
42040
22957
13619
10035
41790
36531
43073
12160
37845
8777
46748
46839
25141
6777
45194
30014
36119
6659
13044
32145
4301
48300
43016
15246
39851
27687
48052
26814
48435
29588
31355
14479
31370
14747
36605
11610
27144
36445
32976
2736
39208
29565
45949
33541
25644
38690
44105
8563
34140
12518
41825
27328
26860
47794
41209
49625
30854
3182
8749
27474
16413
10591
11857
41738
6153
48022
39853
19915
46561
47901
44641
13516
43791
35582
31280
5104
29912
41092
27763
34496
29124
2967
19955
12815
41750
15850
19372
38588
6515
16590
2194
22373
43008
18866
20774
27446
31833
35640
36054
29605
33772
14755
14688
34333
4465
18890
28570
32427
27495
37206
3775
5953
46482
39052
6079
40971
35596
40571
13715
45739
12255
33550
25514
6312
32188
2419
25448
30670
39916
39881
1652
18752
46586
19797
32979
31257
6327
10691
22055
9465
25656
2311
10115
13367
37858
30823
14136
43399
8442
9756
27068
9859
37323
26622
10314
26668
45697
37020
40608
23788
10825
37918
32826
44186
5229
23522
22100
47885
35433
42745
15205
3262
2470
24870
38776
24752
24650
29879
7350
47017
43883
34531
18695
32486
25625
6779
7125
49132
5037
26389
31879
34790
40069
22970
8137
36183
10328
17078
7136
23447
10682
17069
11922
19330
14969
28588
16855
7810
5168
9217
44759
12001
19366
20625
34288
47686
34936
44036
10939
37950
8150
448
34855
15499
36831
25502
20576
8805
46904
29982
21973
42463
27452
41211
17537
12059
2251
48312
16446
2104
20995
11240
21781
4397
150
32363
12592
6545
40935
20717
13707
39050
47052
26322
25135
12582
19342
11785
25237
49936
49951
3567
43069
39211
30167
25208
27380
3601
42890
20342
8101
24468
34956
45175
29765
6329
7376
27135
24147
45698
14409
2668
26190
45980
31798
48914
6102
9752
13396
22209
10399
42144
14882
42334
15490
36711
38566
28513
750
39297
42885
12223
35376
12700
5356
16897
6497
17181
8933
33689
40654
31391
33398
4207
38967
11867
6885
1127
41056
11145
8717
26181
28477
38846
23950
42175
44146
31502
19144
15138
17279
35521
27752
37546
3140
4089
23695
6642
36392
10579
24334
20521
10756
5593
35659
19465
44815
49604
23082
17374
26523
36062
25986
46323
36860
28544
36188
30654
15321
10056
7994
15605
44893
1946
46098
2564
48205
18712
35525
20056
4512
34926
37087
13084
43070
4069
164
14850
36809
40640
37258
48570
29338
48246
4191
3496
6468
16950
10361
41863
38537
34895
38902
43392
25588
40289
43950
9146
40563
8061
45227
21882
39012
37995
27115
24657
39290
18855
43569
9978
36863
46017
40371
3528
30493
43638
498
24211
45703
43863
26223
20563
35385
16796
22750
6680
25908
4536
14906
19083
24625
5686
12950
49333
11647
13980
13747
32088
16215
7486
33348
47652
45378
10212
32544
35730
47128
14753
45928
23530
42629
31784
10071
17214
42935
19004
24437
39415
9514
18607
12603
32580
32271
21863
10113
47024
47026
9714
40661
33872
7531
20958
27341
2266
45286
45800
17641
39980
47467
24946
3198
34490
26008
38610
40234
33656
47548
16194
41479
37320
17387
41712
751
29257
45071
1164
15080
633
3769
42682
9262
3619
19085
8312
2792
3108
6356
512
16603
22069
28426
3507
28249
34822
31148
7185
28433
27761
46656
10169
28975
24546
29199
47817
11068
39001
45833
6558
10818
14340
45690
11576
5650
28669
14101
8220
29465
30632
35384
5346
37227
19896
17828
2482
9558
5072
38975
42220
866
4266
25883
5708
30655
47222
4747
42490
18800
37342
48813
7191
36399
29585
42769
49917
37598
9635
22473
18044
7512
36510
25460
40791
575
24970
42216
39197
37577
42788
46863
13322
404
24667
25101
3207
18782
8139
35240
16667
34738
11188
20955
28824
13855
20461
8339
46998
39633
31436
44349
21654
29264
1076
48310
27939
49572
23077
49123
17983
22491
31626
8729
37971
44475
12125
30137
15921
30393
11759
759
7805
25703
41960
14587
33596
23840
9706
28400
26935
30104
14565
46318
41054
11052
26596
30138
36922
36802
23209
49151
33445
9437
45236
19333
1638
31837
2089
10550
48779
466
12050
29554
13110
26700
31054
6
19371
32527
7626
11569
42094
29835
27918
19458
17318
14764
48080
48192
22676
12928
4198
4145
11991
7965
46435
29058
25214
27475
47375
36975
22789
6724
26283
32460
14940
44295
3227
24911
34945
10984
8962
13122
4353
14250
41218
45590
10909
10280
27985
37445
42138
43637
45846
33101
40943
43425
33182
26219
43196
41991
7300
1268
25501
39119
43683
24319
35197
46164
40744
39511
40738
41719
7608
38006
6850
32451
47501
3112
3199
6124
29065
16539
36674
17875
17174
40153
8496
25639
38303
16532
6576
34410
26215
31302
19766
1691
41627
34900
3654
30136
37966
31527
25842
14577
31876
33012
43802
14924
25100
42025
47427
31188
41826
41040
25398
6752
36781
22939
36853
30616
22728
47212
27867
12459
5985
40610
40707
18865
39198
29626
33705
37924
14573
28047
14628
48990
25058
27830
15709
2921
46442
23364
49088
26107
47529
12453
44766
15543
35000
26593
16322
32032
29292
35132
5263
27249
21272
6523
34923
9638
48456
31320
4693
18448
11807
48239
17518
26152
6412
20073
16183
26502
11928
21508
26829
14337
22650
15087
48907
18556
45788
13739
395
25859
16374
46826
16703
27481
15611
44602
13725
38193
4024
20956
26859
13433
601
18368
40863
1634
22526
36457
14914
13421
7253
40320
41773
31790
25643
538
36328
2585
12191
41739
33769
20258
34262
44364
28821
24432
42525
8628
38554
19931
27017
49928
32193
36914
28046
2286
31494
49231
35519
42973
40267
42427
47915
42118
17790
5062
520
22685
43856
39997
37316
11861
43478
20023
27106
34536
47922
47921
8668
10043
34679
29384
47168
25138
30743
19127
4692
6359
15869
45293
48110
27101
40883
30792
28192
7074
22035
10249
12431
14981
870
44272
32241
49412
46474
30675
27444
28118
10454
9011
30147
30028
11037
39437
32185
24492
13651
46978
26535
8764
40259
13749
19953
29078
33274
45138
13131
8969
41283
27245
12634
34395
46312
17196
17448
38828
28798
24690
41824
742
44954
18070
18605
47786
40324
20719
22821
5159
10779
4794
35600
8023
10667
42765
17183
28550
14279
32934
39071
35453
48835
21788
48632
26947
40197
40525
31138
40992
48405
19687
18644
19105
34688
35842
34586
34702
34318
11107
179
3475
5199
16591
20118
38980
28079
7522
43500
13757
7975
41017
41612
29024
23363
23786
25025
26398
32482
27057
22843
13911
35015
11065
8507
19857
46569
31946
39622
39124
31595
5095
38540
11191
49103
11058
15316
22371
17046
24190
43119
27112
38873
29003
18373
30717
26091
3357
11865
19211
7682
29798
26059
30187
42972
42043
30237
7671
23331
49607
41429
9090
30602
39024
421
15099
18413
21386
18862
3682
26962
32955
18431
42448
44064
7455
20122
29858
18738
14737
43542
36267
20970
17519
5033
10161
48434
47678
8998
4588
13290
3396
15606
21838
32439
20233
45247
47199
17382
10760
39713
49111
16273
21130
6791
12266
49357
47949
21364
32802
26695
48348
36899
39357
3752
12617
4355
38164
19544
12965
6644
44225
38408
11551
7147
37946
7003
31404
5859
9398
15038
42876
47223
45001
49871
15032
9355
333
7050
47364
20776
35709
16734
32882
4865
48793
26888
19161
45385
2296
1645
17113
4552
21620
11921
25104
19992
38671
15793
14731
35330
3123
28583
36322
45130
38500
43239
2346
9444
19582
33324
18145
35466
19832
28961
29075
781
8444
36276
49303
7287
42055
6559
25575
10273
37254
35184
35751
3785
32034
47473
49307
38629
43788
15623
5002
13996
25031
17980
16369
392
22410
41243
31554
18924
36938
15070
46501
21239
5705
26970
19996
36109
23794
43269
49411
9940
20835
5733
26566
44983
6196
47754
2525
40514
26671
2162
44588
22774
7562
17253
17506
2226
45382
32224
49452
2322
814
8301
13503
14436
16598
24756
423
14514
744
45089
10205
16823
43095
3676
38623
44108
1926
19807
49573
25531
698
2694
39866
29449
48219
24951
47507
23314
13978
15798
20736
34438
33612
11398
29198
26019
47716
42843
37969
41464
46960
26774
45296
34833
47690
38092
37770
10669
34066
30278
37006
30927
45555
19880
9955
34731
38393
2510
46376
3395
26921
9488
3341
28584
32767
18838
21503
30614
39128
17760
13896
2793
4795
13350
25916
33746
3551
105
37359
26099
7999
23276
23345
17775
11343
19659
38772
13076
47914
5058
26493
21568
14020
28370
44276
29308
50
29381
29238
31226
13098
4899
49997
36559
40574
27185
42815
9291
15283
2877
5336
14994
25118
6197
23268
26800
15284
19306
2276
48215
19141
15979
26914
41394
7692
31709
48190
16455
38560
42807
7051
7702
19256
21242
4067
20551
49008
33043
19642
33929
48871
34359
36571
29187
24961
33564
36008
35115
16048
21685
41970
28475
15071
31648
22711
20768
43578
39177
13939
47454
16645
8184
32600
9632
35628
30767
8902
42484
21909
28682
28719
42407
45848
20251
30338
22829
20215
47640
32127
6650
26020
18483
32550
39412
41591
2752
39528
20616
39446
30684
10342
33791
11444
11372
10372
26256
10248
31236
5125
6991
49075
49064
37423
43106
26080
40616
36900
5551
41734
20025
39803
20008
27025
16648
27381
28772
44967
27676
5422
28888
6080
18161
38978
46240
13993
41936
77
42944
5340
36651
35819
12127
42667
48189
5826
11134
12285
20119
24130
29174
10832
11653
289
39232
7974
39634
107
16160
42050
6891
12048
25720
14818
47941
24278
48350
25503
29252
48473
29280
3131
40947
21992
10900
32576
29070
1296
11812
33890
2551
26663
14552
6918
24485
7375
25238
23113
41189
5465
8601
39972
49645
8532
33168
34701
18860
37486
6401
25308
281
37247
42670
25990
19657
27621
38839
31955
27232
18429
974
47
24835
31132
15691
36626
1989
28073
35515
9497
34994
40312
33794
38762
3110
28711
897
3288
21814
29111
20796
26047
13301
24808
2708
895
38267
22601
13685
40624
15946
38456
27996
37324
32664
38136
1921
15522
41645
4103
10195
34721
46377
20573
7379
4507
17083
44546
19282
41499
27878
44241
3183
12993
20459
27626
4953
10894
3887
28255
28511
49547
16232
20979
23355
40650
45650
32737
20566
32568
5083
812
8895
10077
25871
15737
10408
37849
34379
3869
45311
44123
4143
44501
1818
37393
43595
41768
18590
15885
968
24078
15901
38276
28812
35208
38288
16515
24698
20854
23615
8688
38918
24050
38487
25385
26350
25345
24254
13231
24626
33730
33985
2352
49823
39219
3882
10829
20609
40128
10460
39039
21943
45858
49142
1988
10879
30554
26089
49624
35318
18698
33066
4494
47423
39688
28456
13614
26651
40865
47035
9598
5704
16584
30629
47867
32903
2566
35172
30741
47297
46013
6846
15947
12750
37394
10625
31621
44914
28421
2865
40593
8448
13985
26509
25161
25131
43601
13748
4993
49741
34284
16768
47082
19574
37974
27152
43877
1426
983
35113
46830
40425
34142
20505
14752
3802
35447
25567
19822
40279
27760
43916
2075
49334
37738
17542
11174
38511
6510
41956
9760
1211
2124
33116
39907
15081
3808
14716
31534
24735
47606
19895
24976
30241
28706
33585
9705
17441
5502
22812
17459
41284
14317
6622
17077
18159
9711
43751
16911
719
22586
44249
44617
8891
45842
9766
30641
36063
48132
47156
20501
15943
25189
15189
45176
26204
26576
8873
42994
11270
48536
25601
4196
22353
47278
45432
8519
32967
290
6975
2359
45221
8667
39869
41173
36652
2918
15142
16235
40518
4793
24723
16182
9515
8650
33845
13480
22636
37197
10708
11596
27132
37215
17086
39701
30500
41864
11893
9936
13873
12432
41358
21189
19937
40964
16196
9329
28656
22577
16817
12657
47905
25711
31244
25917
48249
29500
37534
45577
47077
2283
33509
7744
17469
14160
12870
10776
21232
32774
29848
17246
39165
49881
6572
15562
14050
39573
1502
27374
20635
42101
11934
18657
23928
18804
19345
35136
16454
25821
3605
34129
47717
41520
47843
19522
46526
31004
4400
13508
3053
28727
15214
26881
8474
44050
16571
41037
28802
6645
3264
19403
42289
23186
17935
49421
35629
47830
49697
49345
459
49563
31001
1951
43563
8738
13514
12702
40583
25401
7507
17098
27666
20411
46348
28685
12618
19617
16791
47703
25201
17351
18327
9305
23502
8428
24134
33317
29738
17169
41042
24305
40255
21711
43271
45862
10589
1688
48808
10650
44072
6937
48495
4126
21143
28383
33592
46658
26967
4292
41035
3724
5906
20801
16044
588
17977
11734
5293
19650
6859
16634
2785
42482
46084
5925
41070
43017
31722
47936
8950
3121
23111
15267
19707
25192
26035
34310
42309
24220
40032
49454
27264
7120
15129
32519
49449
12451
14003
5051
48621
20803
37586
32951
35863
17371
20207
48161
26300
12363
11233
6231
18397
43608
4250
19469
40465
42719
3628
38056
12231
5739
483
38099
41582
131
45611
8166
6404
17456
21747
33232
28723
11154
18844
36349
19997
23807
2627
26828
17587
15554
10116
29372
17731
36345
19015
32854
37332
37649
28367
41700
23636
14557
20229
3822
34423
43737
31705
16819
35162
44308
39957
2591
24350
42507
31529
30485
5870
36525
37339
33677
2442
17742
40071
7239
28125
26112
30418
20201
16580
20915
11355
20463
44440
47032
6354
45766
28916
30809
22607
5908
16011
43971
32122
43497
562
1575
17210
7649
28160
24488
15903
2325
42953
15115
48503
48139
47970
29526
33810
32872
45893
16457
49921
22634
11839
49632
5396
29650
28785
20838
9759
42125
24907
34715
13500
31408
36117
14228
11029
29744
35392
40210
12225
13036
20862
47098
12672
41907
20663
48287
5489
819
31124
37590
34051
40710
42946
31938
15790
8008
30464
43426
5684
31032
19112
37219
19858
44626
24047
47577
21663
19516
25239
7678
36488
5747
11690
39615
45539
16063
49720
9895
47059
22753
3296
39285
19184
35552
34369
44529
2862
35074
24747
17968
25882
6140
37095
22492
25407
3333
13520
5011
46601
12995
28261
44412
10770
6489
11970
23818
22385
32706
29061
13357
15024
23772
45497
12919
4502
18176
7517
30634
37116
10033
37488
30850
22849
18959
47412
49520
30952
31167
28780
46477
22557
48305
26262
23245
1131
15960
25093
7383
49348
22051
48976
4583
797
24373
13532
23784
24962
15362
11546
14231
467
47945
46124
26616
26253
16722
29594
41112
9323
41886
18143
2867
42477
8620
30258
6053
41223
7825
24859
3235
42950
25487
19856
20148
34720
6046
17573
16517
9550
19419
36771
22869
2059
13361
22044
6993
30935
17583
11335
38853
39272
31435
27959
36198
33542
3100
41565
11680
12116
32915
14802
24842
38335
23024
5741
30072
13665
118
42277
1496
36189
44312
29532
13545
3661
2735
20478
5964
12081
15881
48418
5769
20599
42722
21073
32870
7640
29715
37948
4376
43604
22874
15747
16836
25338
29822
48506
31157
6654
41981
14242
26863
44332
10118
29457
15841
7663
11126
21893
75
23941
34795
35833
43516
3634
1159
20392
38161
4111
11340
29643
35581
14261
39234
3875
18788
14633
35986
41247
6563
20442
7865
38656
49050
12245
31383
44435
45423
37174
22471
17929
1287
21
9303
32510
18646
38444
49982
41771
44512
38612
18641
39706
32581
25188
43592
7633
34238
42920
4611
1191
26226
5744
36718
24555
13191
17119
25676
24113
45972
20015
42977
36607
17241
9913
24696
2784
3459
44206
34465
28902
22617
14027
7092
1546
19449
20357
11677
1038
20447
44234
40692
39746
2903
32953
176
26773
43249
16200
17235
2539
30128
49098
783
32857
29929
49180
5347
35879
45938
36921
3175
35321
40337
4237
41778
23557
17348
5109
10622
45140
14000
28065
14366
10990
27136
12397
38869
5942
26655
4868
7264
35520
17020
21707
10301
25015
34649
19120
5470
9474
17960
35276
1599
17984
21382
14062
43322
40003
15849
250
10234
46710
14071
14760
24372
45229
44495
45805
25592
43028
22104
18091
5228
2467
44779
1900
11699
3312
19106
11490
47965
19746
44963
1837
48959
9620
31037
7954
11752
38946
46764
16843
42413
21539
34041
666
21031
48031
31130
8033
35689
37353
22114
40579
43341
22875
15384
18488
49966
13470
5921
17916
29545
24184
11743
17408
15836
39857
2647
24512
28022
33127
1832
29930
36181
18144
9851
49195
9190
45952
23671
31143
13
14488
36876
34347
43432
32200
36212
34363
20360
27286
44268
29705
45234
38251
17814
17360
29508
21313
43756
43324
1240
6120
12816
7441
47234
24008
44015
27370
49938
24246
340
21696
27790
36737
21506
3171
17354
46195
39363
4743
29513
41146
10535
46221
37187
34353
33281
42367
24866
32952
8310
42829
22297
31989
11542
30145
22588
38657
11118
42514
43780
17212
4407
14742
42900
26530
13414
27837
38859
20902
43056
49068
19137
28090
22654
35175
22188
44124
11822
33390
20379
23510
19938
367
2991
45317
40092
32268
48153
19125
17413
26941
6966
39218
42487
15771
46913
2733
11608
9743
16476
31824
34069
27795
32297
1313
26718
14441
45978
29944
15461
8219
7544
9330
4140
7080
9438
33185
28674
20314
47685
3948
13891
19181
19885
43415
15143
45278
30623
44538
10890
11790
23997
48519
48504
23723
2560
17048
19261
11434
41433
1528
26752
28637
19286
27181
40233
39096
8690
40236
37545
48606
23307
26395
7577
9535
43495
45615
45057
33021
12056
16421
8864
37865
28423
1632
14161
9161
28811
17966
46243
26344
2995
30256
45525
29298
37285
8889
31392
10785
6122
30336
28755
4457
1723
34228
45768
37680
5578
13246
37843
6162
380
41221
27283
17391
374
11075
49609
33145
23193
26206
36529
15103
33264
23254
7150
38120
43428
11689
22657
15685
16946
44282
30038
15842
17707
5523
28265
16159
11823
36941
9861
48073
36768
26924
37973
4359
14158
26374
18642
3240
32590
1521
31657
12602
37416
21588
3969
47899
29205
15500
26200
23436
13299
6998
9810
8915
12399
42854
36660
31441
42000
33328
28236
5225
49003
47999
47048
2155
20851
23956
48144
17728
39206
2435
12890
41815
35331
48135
41638
10778
48123
14059
28865
47477
34430
28778
43603
12686
27196
2499
2521
13592
1654
14468
25129
35475
33290
24732
11797
6287
20243
1564
7046
32680
42250
1455
5193
2801
49954
35928
20960
15526
612
10867
18839
20534
17748
32800
49393
3434
794
11646
30793
29472
30303
49187
5201
2186
12951
14918
37983
45740
43801
1800
19278
43515
46833
47255
3371
40345
641
5993
25749
23485
30177
11611
43652
45579
48326
32445
3111
24317
47788
32499
46138
40192
44009
16
15654
45407
14300
46215
42244
4691
35540
5107
31113
31019
5929
23535
37801
29468
32926
23029
24161
31625
39182
49015
4854
2282
23715
47893
12206
18365
33608
19205
39038
40779
19200
46408
11718
36297
42417
12461
23544
25043
27118
10898
17012
32387
16561
33077
12100
32724
40395
42506
22278
31481
26230
10513
2649
31999
7389
3080
3536
29069
8797
29210
30787
8201
4285
31738
18199
19991
22724
46424
2165
40591
42566
27903
46335
25840
39703
31422
21300
40446
23931
29342
16253
43339
20338
1032
16889
22107
20086
39550
9415
37171
1395
47710
13862
20402
49962
38691
2712
28890
6163
22911
31088
5142
21865
858
13292
45165
10548
49209
18662
13983
27929
40500
24064
38492
24806
11440
35605
19965
36125
34580
24754
13753
7811
26611
42241
22754
6678
38766
11292
1443
10410
44721
41589
28817
49259
9946
22346
47570
47030
44771
6574
40480
44045
34522
30882
1836
27029
48375
43663
18046
33046
9849
1974
32526
35792
49733
24744
43332
29246
42561
11776
43654
12994
33469
5217
27573
4065
38847
28900
17885
31537
10098
32278
8028
13992
31911
4558
33459
27540
46538
43844
26028
12122
17207
11937
3815
28627
33120
12429
46979
45092
15495
4087
26006
28871
41441
7695
33086
23164
22360
42284
33406
44615
5362
243
34595
21892
20764
47684
43250
26013
5102
32400
1966
17715
9676
1037
15986
24886
11494
10794
35524
19457
47434
30259
32747
35219
32179
27147
4988
48863
49991
46747
21580
1778
10658
16633
609
49218
17104
32840
20455
39136
48667
4938
26445
20909
34454
30516
8624
23688
41888
49029
18016
4431
12012
29207
48276
3960
23138
34708
33627
25422
46867
17172
2553
40114
48021
10559
28753
4616
9994
26186
2469
22704
2392
19227
39992
38642
21269
15039
38632
49062
41080
48520
43513
1078
5614
42635
16728
27004
25217
23796
12906
829
11380
36239
19398
32452
31078
15504
4874
46453
25076
42292
10534
35238
11493
12355
7139
48459
47998
37626
46135
30093
1083
4976
38367
42318
6131
31308
9533
35514
42324
28425
7323
31043
4986
7242
47174
30729
30957
35146
3572
2064
49947
47677
12648
49974
7226
11200
2445
19549
22778
42873
46789
40105
32909
49370
42053
47747
19310
29955
40946
44639
31517
16055
48712
8215
44970
22285
49262
2934
21843
38670
29019
44096
49557
20678
15109
22518
10707
29788
44740
11135
44710
38392
16681
43281
6742
41105
33621
16274
2540
36390
48873
17943
10693
49779
3493
18028
9958
12194
12754
22098
39135
37755
10425
43273
43673
11563
42903
4979
2402
34869
40920
32898
25526
29042
24413
1084
33174
24131
7355
4210
1154
11572
5543
1623
11599
17153
6772
49096
19727
3197
40712
49446
39796
23223
14894
4628
32591
30901
8616
25951
8661
45901
5384
17217
17137
28264
33006
36031
42228
36696
5190
9159
18338
47270
13060
40217
42633
10285
8693
2571
12564
37612
49185
5727
27589
31330
7425
40170
27618
7398
26899
11230
8555
205
17022
15131
15689
5905
43829
12308
3618
32669
11127
20537
29834
27640
11609
12240
24524
25907
9896
4637
49569
7233
30406
11209
18029
35706
1448
31853
13889
33146
20791
22124
39441
27468
2767
4387
48369
32298
3586
32759
6863
4533
49018
48560
20977
12014
19377
38520
21683
11341
26791
35393
25682
3057
44611
36114
10683
18596
6040
40849
43459
18153
14484
10585
38159
14800
32755
36410
25652
46261
13315
48029
27973
34585
10004
23679
2928
27725
17341
5734
33083
25967
35159
7040
44149
40334
35906
11806
13765
35803
25824
16658
5379
17739
27850
41413
96
1947
17258
4917
9773
39932
27442
33147
1699
18123
45014
13280
46059
21565
27133
46709
37065
46260
40121
15714
12808
29415
15877
40136
45503
45603
37012
17681
184
9252
3648
49564
20507
20248
46623
31184
6301
8669
13780
16727
27692
7657
4170
18515
31275
29409
2656
16806
22080
17802
12699
40578
17570
48876
5707
34451
19159
17825
11067
40547
32411
20953
22616
32269
44876
39258
231
47195
18803
16145
1322
19967
38666
3543
15374
10025
49056
46329
26674
19551
17128
39301
19355
11769
23490
8966
44062
16228
20006
38966
4939
39008
49004
18020
13204
8994
21017
13462
20140
38468
26816
24825
41158
10355
31793
34488
17942
33921
39457
48726
38220
8853
26849
33633
39465
17558
3684
5701
32325
36933
21144
22127
43501
18999
14181
45466
8100
32157
15584
6907
30480
12143
11986
15746
31433
36313
21101
18768
45370
22309
30561
35195
31535
47871
23154
1675
31046
27078
12976
28823
17976
38627
48314
38372
31811
2390
14184
29288
17118
6623
38526
11527
17227
11453
33475
27213
16019
20438
19269
30795
17985
15941
33450
43547
20824
2678
17245
48537
7384
46433
15507
34213
20945
48472
34263
31552
1165
36079
46487
38877
17485
10764
29551
34572
33190
42713
24843
5793
9781
34019
41881
42393
28691
23524
31910
8663
12247
42671
16220
28882
15615
32288
8746
11212
2289
15541
18082
1978
8704
1728
49694
640
49317
20181
43726
30769
376
24543
21209
35650
25465
15854
39162
32852
19891
10032
20282
15367
17491
41446
25765
8387
49807
39123
30179
23611
20520
15609
21659
36354
46681
36970
2699
19040
30692
49803
20223
42199
5366
31455
49788
6797
8451
44850
44151
263
6967
27578
47631
6085
32357
21856
5737
32294
19541
42594
17149
2280
11696
242
1561
45230
2015
45178
9877
45416
29922
28186
8699
28497
46897
6835
46991
11779
26826
45096
40557
33611
11193
41948
17431
14304
4055
36499
22859
10759
16250
6209
14497
49552
3880
8939
12046
20981
43640
43967
10029
2778
12331
28775
27912
48347
34620
14607
45205
1008
20748
5069
22599
9944
4924
7188
38732
754
44030
17316
42474
44143
25700
37292
3825
39299
44574
25128
11307
14377
45896
2762
8913
37325
46671
21630
43664
48392
49884
27295
30581
19623
28748
26252
23798
28247
43173
47799
26786
3338
7890
14611
30106
31639
21928
38194
44354
46611
16761
24275
35277
12110
452
34211
25455
41920
32154
23556
42644
28321
16023
33432
45053
17799
1649
27739
16336
34195
48330
15368
28365
13274
47841
2029
42632
11668
561
35094
36764
1765
7084
17889
16255
24033
44307
32957
44081
10473
18242
47369
26408
46217
44655
33996
1584
99
3205
11999
27247
24209
22967
22138
44492
26878
43142
5839
28567
18686
17165
8798
21190
46840
39751
33275
49834
27198
36963
10330
41326
26601
30694
6473
35543
42137
32095
1494
40748
48703
25858
47981
882
23435
21538
49425
43202
40745
6994
12039
3878
45127
45091
21880
20726
9853
6756
16788
15170
27342
40057
3599
1759
31260
32382
15813
9188
36555
25669
44870
6827
36334
34229
33507
28507
9770
10459
29766
1270
19508
11519
22336
35079
1059
21075
4605
13201
36353
41800
46659
27887
7293
34888
27331
6440
30651
31337
3426
8455
35884
43316
35562
14559
16808
15991
47557
35975
19775
29760
10916
33392
871
4579
41438
2476
37459
6471
19362
21987
13869
47723
22082
47106
46918
23022
39984
30781
28835
8646
35953
30054
36609
41605
21648
43265
34845
22071
20454
47826
42827
7593
45162
20693
6061
8651
27203
8488
47219
27930
39561
49082
12828
38619
19033
13212
19773
40704
43982
42997
28715
36973
8329
44214
48888
46714
23551
12944
33338
29380
13192
44247
47764
20861
40135
37269
18982
34180
17719
24545
45914
18723
49915
22605
24954
44286
1457
1275
34658
4859
2208
19708
306
29538
12566
38797
1074
30405
11989
15640
19034
25878
5588
49728
41125
20045
7321
17634
29648
4524
10305
43951
30007
8670
45328
34743
6577
12104
42240
15222
33102
30760
33272
42954
31814
10239
22255
6992
20708
46957
15060
42857
49957
18573
47248
45206
8441
4105
46491
26715
22889
25494
14858
32825
24893
39772
2976
47645
22655
17127
21670
35553
26396
45637
38517
21438
35052
17553
47868
28597
22412
37857
161
10952
12747
17821
42753
41609
15031
25011
23403
16100
39623
34997
4529
27289
28564
17963
23170
36108
21604
7405
2829
48333
22011
22337
26835
31255
30011
34703
32914
29745
27008
35278
21868
27938
49939
3116
28222
41444
20498
12757
26170
46019
14683
3554
44821
45048
17958
17559
7030
45571
30135
17013
19761
2369
16095
35372
4977
38727
24816
15945
16400
15971
46890
31259
40048
43623
9145
1179
33884
11178
9249
5233
49053
31947
25631
17097
14722
19864
42168
37315
41775
47274
45228
7181
48554
47240
23332
38897
40925
727
8813
27843
6996
22210
36393
6436
23295
25451
27586
40626
27908
3317
2099
34393
31380
45040
8067
13003
9380
17588
23659
30262
34913
8568
3980
41303
49718
47790
11650
7661
47081
49581
28039
34510
7159
11225
15561
30463
14339
7625
41165
2836
22656
1104
15057
32393
44868
27590
46198
30918
12655
6815
6416
48729
7991
20049
17247
45318
14657
9541
31504
28070
26913
7528
6932
27479
39580
34894
32659
17514
41067
46914
7761
31800
10931
36858
47380
10271
25672
28099
43585
7676
12535
36446
1456
13002
6029
37584
37222
46873
37565
2135
42654
35057
31073
27735
1069
26832
41347
9247
6244
4501
7341
24856
19668
29885
27675
24823
10792
12973
20746
9546
8013
34477
16403
33846
34779
29659
34127
2085
16730
44557
29229
33781
189
28194
48471
33241
49414
28581
21131
33641
19569
14406
5562
6236
22291
16890
21162
38697
6755
41562
42388
13921
21881
26037
5829
47326
39244
40496
41216
29227
30521
7325
16802
24888
41614
22988
20336
19214
23202
2351
38063
36467
32613
35763
41032
43321
25843
15298
8045
14741
19981
8274
5724
24876
33832
28375
37906
39785
11719
28470
26443
37464
49159
46326
16313
24762
24514
44258
13501
48706
21704
44786
232
9062
15387
48259
40467
16811
31897
11129
43525
23068
35950
6024
26336
36426
37798
38364
37140
7869
43039
48409
44543
49036
46964
7966
8182
38204
31245
22049
36069
14691
4193
16707
47050
37094
17949
2046
25332
37155
22478
9289
24587
12499
35404
49894
23542
23507
7193
16440
40524
23919
225
30926
2944
27251
9792
5174
8916
39390
29874
10883
48130
47556
10643
17861
29450
37083
31418
3397
47476
4516
16231
3718
38282
35200
30519
5462
11074
35835
44008
5421
1635
11024
44168
40566
41039
25741
33938
38654
24467
27901
2137
10291
9751
23140
9269
47182
33022
42187
3642
43201
134
2631
34068
48752
11344
251
22934
36215
44807
23523
19153
21303
36004
20378
40241
21454
12311
16003
36219
7898
25482
15159
23251
23947
7873
13458
38842
26879
37344
22978
7403
44133
3967
48539
39904
27234
14246
30296
48757
32605
24056
31288
24391
4180
46036
23839
37508
40100
23741
4725
40108
26045
37589
20269
38129
3829
20662
43408
20515
8972
472
24311
20798
36874
44561
29171
37587
29110
6443
27614
17698
10170
9482
1953
42736
932
45122
26797
30943
18963
31630
31219
38005
47283
13962
37544
16496
35498
37157
47937
27071
34151
3915
39109
3418
40832
18230
24101
28162
14299
25170
48840
12646
31770
17761
4618
5063
21109
234
14653
49782
8213
49028
40441
15092
13106
35312
7102
21107
44632
10208
25203
8006
33245
14416
29411
45223
21044
47389
16549
4882
49225
368
40513
12548
48650
34998
13148
9224
36303
3384
2597
19321
47926
15602
3162
7908
47761
30745
9366
8587
39034
45610
13338
46303
11421
10393
3388
13973
7313
8626
12917
6064
21148
39583
47265
16017
47954
31810
15088
31156
43879
19233
46570
3177
5498
8072
4941
39999
13455
30127
15596
6349
44404
44292
1206
31754
41848
17627
891
11422
29721
37270
17115
23377
26038
31284
24247
13498
49602
35048
37030
23545
43776
1493
48964
12811
31939
9787
10246
46796
40061
44592
18113
30239
44085
8975
8881
19868
14217
391
15878
6203
40212
7889
20423
695
49121
22271
4686
38428
44497
13051
12111
23870
37925
2764
12380
33108
42307
46274
31706
30848
46074
39788
5432
39770
20435
1785
46157
21574
9413
39046
29667
7607
9828
8338
45440
43112
13751
29558
20460
37617
32489
23360
14917
36160
9727
8809
20206
44369
15616
29041
35816
17434
8200
12367
10851
25516
1939
23372
45674
35674
48933
49827
34135
42792
10560
24018
20489
15815
32267
42379
12400
32758
47135
36024
15385
20320
28319
39035
20421
38557
6828
25230
28377
29549
44343
19930
5780
44403
11317
36408
9991
45166
36920
9932
27806
44209
45341
22263
20709
9930
19550
34734
13886
35602
44547
10003
32656
45941
29945
41636
48721
43494
43243
27214
23192
9878
33843
9451
43684
33384
22824
43440
25796
15285
16366
47099
16262
12691
44579
21408
16004
28562
24400
1882
24267
23184
29213
44421
25307
27047
17280
45373
47243
21278
566
49853
14475
30151
31183
647
36451
49270
26833
2396
47939
26002
9784
31949
5843
41271
25825
31467
15195
39051
33431
2117
49157
40439
13763
44968
8360
37541
2796
36041
32218
49906
35298
26528
11171
32444
32463
49424
17866
37579
13468
38053
42774
31013
43248
15577
24306
38920
33173
32226
32846
45004
22012
11426
32202
4937
34942
44788
19553
4891
6806
49476
21895
40156
42612
25538
22445
19731
1555
23773
31763
14955
6267
2607
35598
18024
47755
40040
39153
32313
43471
38354
31543
42255
42224
36199
4246
36156
3761
9730
10265
13257
3054
36157
6013
6598
122
19003
45498
14678
17572
48651
44244
46797
30164
23865
3996
25530
33181
4876
23776
15034
6977
37811
4015
33118
2459
2807
22556
16546
15116
19607
31731
22499
18278
28655
34815
40388
3294
22910
44735
14293
26985
34226
47935
33698
14714
40419
14958
14843
11339
35342
19056
21462
9167
28399
36447
17129
40270
26039
25510
793
28743
9022
1965
44047
46900
11674
15987
31350
22629
43262
12491
44458
6922
18387
49026
49367
32679
2364
8774
23196
665
6667
35430
27259
27809
22885
18699
11926
9240
28673
28042
19494
25190
43143
23
19251
35272
33823
29241
12939
3068
26356
45027
41417
9110
45951
21124
95
12200
43995
10311
12096
49750
39149
2576
40235
28839
11431
28226
27657
33539
32163
22977
11199
16395
34811
4393
12427
33902
16991
16854
43661
49416
18841
44496
36428
21730
11630
8436
45524
22268
28758
8591
28466
9821
15777
48451
22686
4312
49754
36740
34800
26687
34358
12760
34187
35501
37425
12674
25343
10436
20617
15446
12545
49925
38427
11414
30872
10765
2603
38269
15198
15984
22402
4623
907
30870
22299
47330
39304
22270
49293
21542
21618
45201
25566
2869
39309
18911
11185
44917
34351
33826
4497
16263
29461
10389
37964
47718
11481
27688
49988
37820
49112
7809
11742
17864
3155
36790
28221
33088
33598
32536
1651
43260
9299
36986
12436
39117
5030
10349
4147
43285
40310
19948
12840
13314
29567
5794
10835
30718
46420
6520
33368
802
18570
6804
25628
41160
21772
45284
27934
23362
9523
49796
16170
2619
19701
38518
23389
37042
25679
18334
49848
43605
7162
49044
40355
26291
37406
36387
48932
46621
37740
32968
35807
8907
42456
34578
36998
1588
23822
36350
32753
24268
13359
29225
41996
2544
30245
8235
3404
12406
28280
6433
44698
1913
10482
22937
24217
5219
30130
29455
46888
909
11159
2091
21161
32946
40521
10412
5526
41014
29062
7820
967
27523
22633
3374
8322
7759
22892
27751
20294
7478
12681
31225
16265
39320
22421
46832
16871
47008
30019
49240
12507
9573
48917
37226
25607
40422
3777
41677
13408
32608
35685
33391
42366
20789
31916
39259
22578
12403
37810
41849
35202
40002
9536
19566
24874
11814
42205
21062
11617
26173
13639
11329
39762
4541
19905
15767
39519
7916
14629
7523
43200
39443
23158
9205
27792
33836
24918
42223
41923
28606
31098
41492
20755
16621
23005
41698
35192
10092
42444
48353
25875
26432
39864
26605
46736
3876
15141
42625
41188
10225
33093
8161
4599
40245
39566
29521
37659
40077
48980
41705
2506
19627
9004
49508
13222
38321
40299
48867
25447
7468
2303
1188
9914
18190
27088
44612
37331
11111
741
6829
31097
46268
38774
26228
22365
11640
20997
32856
32700
29345
1662
15112
22294
18267
31430
48457
25419
5897
15201
33744
46077
49592
22161
11950
45918
46730
25365
17508
10711
26272
43164
18998
10085
36343
43584
11147
44864
5249
46635
19244
45117
19254
27645
32067
43417
45747
28011
27863
46829
20011
40645
47261
34528
37500
29135
33859
30224
31270
20227
1491
48479
6414
8535
36702
2024
1524
43839
43777
2526
31437
29816
39209
18936
11278
14885
47617
33919
41891
23664
45476
34927
35817
43180
41171
26164
12530
5556
34653
41634
33067
16107
39044
2606
15662
9008
42735
1482
42113
30459
21063
13916
16424
22417
13954
49755
40442
27337
29598
35666
27011
702
35016
48231
39338
32867
15592
4991
47619
6600
22546
14481
39699
5316
30805
12480
47468
34406
49875
37388
24349
28876
18454
35178
15320
9351
34742
36271
2421
19487
15824
4447
1640
8104
41997
23126
34793
47056
15937
7928
21849
9104
27077
16381
46393
32883
7683
38601
674
28500
25433
13618
10491
2068
4815
7515
20090
12028
39797
43722
43338
9653
15620
6051
3097
26775
36159
38124
3026
25772
8181
24271
48768
1237
30417
17757
39868
15995
8054
31463
1905
16531
3900
45624
14777
47356
10912
42058
43125
17607
26654
27664
24274
15763
27814
7395
16821
46337
7618
33198
12076
48599
15465
5511
48458
32974
30230
28411
46060
5068
21553
44738
31304
35688
40394
37
34507
39838
14178
29677
5519
20968
35788
33040
10457
43632
6047
32036
28260
29353
7704
7133
3863
6111
45460
35896
20170
25223
47021
33839
3416
9207
35229
24077
35804
8073
8445
3015
21078
14107
30316
18475
10848
37505
49478
7813
38079
22766
7979
44372
4892
6615
43416
44386
26458
15890
4291
17560
44162
10016
18917
5834
28931
5814
48929
29958
48978
5528
23006
21307
23731
20620
38925
23107
39192
4083
32213
4293
24163
27107
28345
23883
30502
6501
3058
35062
42897
39173
4994
49859
1085
378
1416
18101
33079
26406
31532
21758
10748
18594
45790
22799
25292
37697
33148
45710
18064
44451
23080
30812
17642
41314
17768
18783
16688
37379
22333
25336
12930
3477
23390
13881
1665
20792
25982
2331
42786
18469
30816
47571
6739
113
4287
1567
35597
49217
49465
20965
2154
37175
37828
1279
11138
31681
20315
5963
12082
10223
19292
30158
6375
29568
43862
31895
49505
13333
1277
3787
24922
31374
1801
30992
42425
36795
26862
34292
22067
24119
41940
38754
22119
18964
31003
20889
28019
7734
28413
34867
18508
13210
2114
14223
6075
5796
18401
2789
15594
39608
49752
35311
49102
24605
3042
24048
32424
12627
29329
16961
3916
25615
17717
32277
15311
21447
12797
28176
42342
8348
31578
45954
26776
48913
16304
5290
44883
9061
1657
42927
10950
26858
22740
21904
10079
7645
2321
21589
44629
36435
45573
25677
42643
10132
6540
39015
44334
29139
1149
19196
27651
1843
27928
18887
40418
48728
11975
18830
11731
18667
11210
39278
27649
49979
29747
21722
7502
24920
4113
5339
1650
40708
5065
18859
42103
46673
37210
35955
46112
27277
12034
21686
29370
32752
14074
34173
8584
2798
11424
46042
31597
31925
5166
15101
3513
1092
11131
21362
20503
1523
23289
41052
27781
30097
42109
8918
42041
39533
10638
45453
4184
13183
17472
21766
45389
30312
963
33393
20863
17168
3589
29150
16694
23926
38909
4566
43116
3596
8871
26054
21839
8794
22312
36727
14114
28077
7567
30094
17937
9831
1568
3765
47724
11545
21351
35963
15830
20752
22190
37943
34542
4261
34115
39774
19829
34022
3998
29313
42783
10183
39345
1671
49513
35059
23562
12500
4129
44661
31889
45587
38501
46407
29037
17610
25480
12252
37720
36535
48947
36945
11953
25045
48516
10214
3038
19674
33111
13995
20532
5589
9712
24340
454
34583
1572
1726
31100
11702
37348
13768
23511
29928
46315
44328
678
17377
35131
17776
908
10094
38589
38775
16205
10541
39129
44277
26641
14851
9242
24427
17786
23342
48298
31533
37436
14367
38611
11461
20055
1418
26427
43347
917
15964
23405
45171
47772
27898
13364
29571
6370
26183
42352
6950
20911
23395
38855
32395
46209
32858
11918
17909
48038
5797
25705
21375
41507
40655
44129
1031
49965
40921
7422
15358
1897
6544
14106
47054
6794
7261
37481
23508
8640
26912
26875
14863
33057
28529
31748
46805
13671
20724
19169
22192
37996
13239
14883
27261
3381
3150
6446
2840
114
31045
15394
16770
40729
30537
35551
3345
18198
21740
26707
43898
39833
36293
24652
11899
8557
18357
34342
38702
6345
18010
22780
14274
35135
32354
48005
33643
34864
39793
5609
42908
42127
17109
36885
46953
44800
19878
25022
30991
47995
14667
39556
26268
10597
24213
19059
22900
36391
35692
10819
41671
16342
36508
21600
41916
88
37426
13190
5726
40511
13670
26393
13523
48420
42856
36316
30703
5836
14384
33802
38298
2011
5006
9170
2880
5410
42394
34841
14782
20083
18939
24947
29107
15899
34523
3105
44390
28628
44555
45216
23771
24527
4906
16938
44368
15208
47942
24097
28469
24894
40599
31714
46307
41862
41349
40333
2123
49362
45881
27428
21195
3402
37592
34555
37936
6578
42652
23847
33054
5392
18065
34484
45164
40098
35875
28987
18095
39988
27853
19670
41071
6176
42814
649
7107
17878
37993
24363
8900
22906
14499
31146
48508
21861
29524
10137
1525
25479
20904
5473
2342
8111
708
35415
20681
40689
4
47249
46931
37689
1695
41708
18625
5275
36377
37835
47715
37989
15980
40452
23494
32886
15251
34512
12458
8779
29422
4178
12846
47208
16753
49774
35387
44269
44751
30069
3519
29143
20340
8580
46921
41060
1604
9349
39830
42411
26805
44587
39074
43223
16555
18722
34690
44679
13737
26946
30107
27003
12796
31379
26424
10194
5595
10966
33950
36995
525
34599
6042
1473
6711
26304
5715
33594
19131
17734
19521
34421
31273
20287
3652
24269
14798
34265
33096
18266
12280
17562
43935
45217
6453
26544
34296
3650
3463
22339
29938
4091
29857
48647
9044
41463
26481
27633
26973
36277
30852
17633
27476
18141
23850
26444
6500
48468
8206
18798
49637
11095
3006
20419
29420
24815
48730
2686
8840
27093
3188
20951
42047
11298
30706
39053
4562
26964
27987
22659
24017
4780
18840
41304
6338
15776
17203
41594
14574
8492
10943
17049
36597
10582
48523
15304
11792
36877
38140
1853
38972
5873
40104
8949
30857
700
42382
5731
32365
25143
18400
45310
40143
20401
6649
48251
47089
271
34797
2657
23874
26725
6160
33019
30891
603
45517
21757
11236
22701
9139
4473
47746
21043
40461
22057
31081
7390
49256
35831
35126
12764
16488
25900
22756
48449
36818
27353
32093
26760
14943
38829
27388
49638
49165
17915
46680
13564
21070
48345
23821
20839
49657
41855
45554
34046
35280
15185
11474
34170
1940
17130
29047
39565
36664
28608
21095
15973
48359
46117
16036
23725
47184
36221
8399
10797
11983
15482
17849
33534
35892
34118
26194
47943
9101
45669
28907
42818
10187
1995
46128
19338
34851
31025
44676
19621
40709
9092
15952
46522
16427
20913
20184
42617
44448
27678
28650
37507
4232
8689
48337
29435
25255
17449
22994
13987
45614
32765
43312
10220
4374
37233
28609
14017
2473
32740
15160
888
48677
26854
16924
45913
25040
29940
44275
43128
22590
4224
40828
30909
9443
18231
42959
16982
24045
1909
4053
7935
39502
16110
45400
46699
12559
40490
21120
7552
24804
38012
25817
16417
39379
18138
5144
5941
44804
19171
42075
34551
43228
16798
8869
6225
38893
46288
4044
13536
139
31429
23685
5181
39665
14097
35721
18211
49818
33341
13668
24858
37819
37326
7117
19538
8581
28926
2717
1250
45516
39431
48727
47940
34156
1813
24826
47311
21963
35556
18394
8450
2969
38208
19303
14728
44608
25413
21828
19803
10074
32043
478
48975
35008
6769
39287
9923
46899
2666
12509
9449
32688
3350
1013
42126
11090
38718
17531
38807
23217
12714
34521
5122
39630
14934
13542
47460
21769
42584
6485
42865
19117
13880
25832
4155
29115
27708
23343
49849
41522
48775
37350
41653
3823
35994
47573
2518
6512
42254
35535
45251
8271
49117
9816
17201
41386
38823
14127
24290
7368
30423
434
34854
10628
45675
25102
32542
42305
19016
14939
28024
31822
7780
28955
17499
31804
38696
29989
14369
28463
43290
42738
13850
3243
49496
39685
5291
20578
41306
30577
45189
8004
33989
17208
11577
25504
10046
24395
14748
29013
2497
29405
47115
29470
33479
32816
5288
49436
45834
48273
48631
10757
16340
23631
11436
3278
13972
45533
34401
3299
14508
40664
16269
27285
41053
30592
13792
10680
31840
14404
22416
8917
14109
22435
18087
44391
17406
27309
25664
42513
49987
46729
10843
11935
24137
19987
26518
7775
7492
17543
13680
42528
12032
17824
6454
3902
39605
19501
34277
22477
9374
33954
2945
38122
44301
16351
28992
5
45239
33853
12312
32143
38684
5670
9467
43646
40568
32355
36209
31331
7119
28117
1129
28114
46985
15544
10379
45695
41566
40961
23569
42592
37678
39432
8463
22241
4288
11497
9964
26571
46506
6614
8806
33788
41253
7978
18170
44614
49614
27230
360
2855
4424
45616
22742
2271
2586
11878
20074
4394
25872
7059
14617
40783
9905
43857
4600
44822
38175
26691
26265
28792
4927
5234
3102
3757
40084
7714
32940
38072
32678
46341
2309
365
46795
18249
4958
42754
14440
43431
15437
15075
42291
39801
9516
48241
43539
47251
40669
42907
24151
41835
28731
43825
49795
14504
45722
32985
9182
11513
6054
16484
39485
20850
12625
35786
38725
40019
38023
30289
34455
47553
16838
3839
34842
19057
20924
18188
3181
37407
22153
5854
7008
41356
8820
15999
4685
4314
42517
817
23782
49806
32156
25633
47322
45464
31818
29214
4571
5575
21615
46182
46150
18846
21532
18889
29591
30962
42530
4772
43104
9613
23532
5755
14216
14418
6537
17608
8477
14963
29087
48747
11963
22396
39095
47449
23675
9577
39865
16570
44847
11902
17595
9750
29746
42690
20538
19562
38699
45891
37045
19417
7556
3719
42184
24630
45481
3526
19072
26359
31873
28515
44049
44773
29197
5192
30880
14624
511
28015
43961
36501
10231
28074
20706
8133
41163
48764
24663
38283
40154
36798
31978
12360
22569
36475
47831
19480
29467
40914
38020
48552
19498
31059
45024
13847
18535
8244
28816
36243
1406
29810
32245
18599
25509
12088
21776
29114
19968
40453
7066
32866
23051
13277
9505
38800
28654
40978
7192
11538
9094
16037
34198
4342
47417
25844
31629
15248
33302
2726
9522
34865
41673
44051
39476
247
21554
25327
45738
4602
11390
25771
49529
24107
32654
46969
17999
7693
15666
12089
14679
18205
15968
17303
33815
33868
6161
9162
32134
46073
15974
27489
17853
44189
24801
10275
37377
4642
44414
42721
36333
21322
43268
1815
33796
40539
23250
33638
3034
46647
18340
23175
31317
33759
15552
33825
27080
8926
25266
35365
9951
11247
22613
32243
39910
40831
22820
9815
11560
12382
29080
25854
12316
5349
30285
42677
29836
28788
8225
7831
37567
23056
24695
37745
20433
22896
48223
5902
31071
16588
45839
5438
12018
47117
11966
32446
43224
43902
42863
197
27888
12193
1141
23218
36329
18056
23991
994
34188
22302
1890
8647
49833
43550
49329
42130
2882
37347
36106
17301
48911
39318
23816
6660
41635
18201
17300
3419
24789
20781
41902
40007
24053
25924
7581
12949
23148
48648
11470
14264
11952
15243
41369
3856
46266
35912
5222
4668
13242
23457
32910
44657
16636
21397
9884
942
9486
1697
10258
17771
33671
40903
23391
17222
17724
39385
38054
43630
40025
30895
40714
42723
41339
29939
15844
48718
25923
22391
37327
33619
19336
22167
9563
49633
27145
35422
13539
9481
42112
8372
25444
9693
44686
6840
37220
35929
42155
39303
37795
29191
13760
6474
22379
48155
8047
44463
24621
36755
26062
24471
9220
7282
20312
19581
49080
21114
23605
32217
12534
34848
7149
17263
43905
36048
8643
5510
48344
43132
6442
47798
34809
29762
44593
21270
11671
49960
36431
16786
41513
37891
45686
29953
7200
5912
41752
23121
14895
40770
25603
37341
19662
25096
19929
38639
39560
3394
13814
2929
23739
2660
12410
21152
32947
18098
2247
19641
9947
37276
34885
22431
43027
36672
34667
25554
35344
17732
17598
42557
41399
24242
11379
46298
8632
44690
1804
34183
10520
34890
8299
47256
43144
21121
42399
16368
17471
33303
16441
11832
36632
31140
23528
16719
26806
30111
16276
13189
17085
1594
40766
48056
11109
9804
24525
32388
44461
19815
47729
33072
49590
15476
10511
25290
8228
39879
4769
13360
26793
7372
22342
34194
39924
12642
46463
29595
21461
47215
13946
25490
40622
11021
22596
34087
37236
15748
35675
35023
42936
43957
42132
8892
20182
21932
41952
12141
42659
47647
2496
20648
32827
18282
35320
48269
47852
48872
18379
4149
17296
30948
27750
41679
10965
23237
43546
21762
37216
8799
49706
19665
32801
41945
26434
26846
34590
21200
20543
37719
9029
20569
38782
2534
32080
15440
44733
33894
2852
3485
26714
48248
11053
8870
45867
21593
48167
21104
33935
42412
43234
31185
36778
26442
23581
40826
14066
21831
29142
13799
3559
29546
30799
31500
1017
26103
4739
28668
23724
45128
15684
1360
11885
25256
39276
29506
36738
31610
28512
13487
39624
42948
35166
39628
5974
31602
30218
2319
45761
5605
24541
5039
11310
6987
10820
28510
2113
26992
33553
27975
29525
38151
34648
7476
41626
49934
10461
14165
21309
45428
846
21913
42716
29367
52
36364
42243
41777
14392
24189
15566
35981
20078
44583
33878
34534
43114
3212
27173
33782
13673
38703
32960
47891
22442
2132
45263
4047
46892
46881
7054
27669
24733
40821
7320
18526
7286
27914
40632
14510
72
19323
25053
41214
4934
13786
30504
2953
34036
38600
3563
13666
40322
47639
28071
2179
34878
17932
36568
27480
11027
25178
25057
17362
43418
20852
38272
35348
5577
11231
29033
34506
3425
8433
15192
7926
6318
49980
47211
28991
37112
40432
47350
726
14903
30736
36893
19599
21805
28960
13303
42281
43724
47614
7776
34674
13056
22847
6587
43912
23770
34746
19969
32291
39115
20108
38398
25841
32588
16096
30578
24298
4182
34450
40789
15390
48674
31116
6190
47121
33097
45987
9808
46143
14166
14531
36748
33217
11904
45602
32798
32978
40847
17166
2481
31448
27533
639
30305
22280
2202
22674
16504
28396
648
43454
27137
39059
38936
43744
20644
33050
28036
48701
6521
8550
11675
49646
28041
5860
4026
38360
25153
22021
13264
41911
44405
6211
7752
46898
3051
21780
44430
13108
36773
44920
12098
27248
17648
37744
13736
34104
49439
14966
21455
22330
14889
14451
21083
20907
45947
34218
46174
21042
46493
8648
11676
47860
14563
41975
90
587
32136
17337
43344
33834
14870
35592
36854
15422
37593
27294
276
23066
49013
15434
6877
49712
43203
13548
22370
5097
35085
31378
47341
14044
43229
29369
42405
38852
45992
22958
16874
12317
25246
41913
40420
31265
9222
29769
49838
6073
13224
27525
570
32587
22463
45387
18001
7031
49423
46818
32379
49901
29397
40984
6720
28490
373
36999
48811
17805
16338
44097
5424
3697
15740
32053
12387
6604
29417
24997
8227
749
45540
37295
4430
15252
16108
41737
17899
38645
39530
21158
9236
28443
36519
33205
39890
46068
21548
42016
23453
4172
29819
40036
34092
7672
38943
49228
79
23814
12517
38104
39976
34056
38579
40454
34230
24312
11659
42848
10476
37535
32235
32023
31102
32729
8761
9066
47733
35753
2379
9591
12010
12880
10054
28092
16717
8734
30086
45542
35116
13141
5710
36717
37700
14928
44356
13877
27348
6941
29371
20112
4078
8050
43047
28842
947
25183
796
46518
38716
6597
45623
31072
17080
37081
307
22225
49869
13701
44226
36731
13499
35681
41282
23574
119
29820
10639
4654
11418
30685
31052
19585
19590
4001
13549
43032
23854
31137
5474
45866
8842
25517
3542
9087
26456
28543
13634
40966
21077
21393
14670
48258
880
40357
29266
19157
5048
13464
8878
11201
41819
1782
31085
547
43742
16605
47955
28896
47873
16556
28333
14929
17655
47487
7047
28357
35577
30318
34331
26795
28815
47839
39791
3646
43295
22233
45967
33195
37401
39455
34085
4088
20254
2080
16514
12720
33137
41617
18388
29664
46296
11483
47719
28307
37166
24489
2771
46419
21025
4896
47613
20815
26512
31361
27471
31261
49085
1290
24139
48050
27074
7905
4228
38425
32409
19485
27685
34412
22664
26595
17197
12800
49030
904
48608
14233
10610
16150
23677
44931
10080
24768
49070
27623
47932
19138
34659
11956
9005
10868
408
33249
40018
46229
30404
27049
17495
354
13740
3957
6656
36404
1758
32981
30368
4511
24448
40054
43072
509
11215
407
32100
22429
3713
10413
46804
9002
18455
24284
38899
46838
44888
47016
28532
14982
21380
28498
30420
9865
11252
47863
25724
3133
38285
48717
33745
33481
20837
35591
44253
17998
16332
27044
5939
18157
26976
8236
3951
27412
776
38582
11036
151
21340
25713
3706
43617
19839
7004
5315
43337
11644
18616
29442
26732
8438
5505
12398
31827
10224
8172
19156
44820
40887
35463
36304
45586
12622
8922
25018
20275
40227
13688
18456
10763
21669
38771
38969
37162
19008
38821
17815
10219
13070
45490
129
29445
31779
11164
42014
43361
44805
46614
28592
12762
41184
15753
25760
23539
40532
23455
10108
31038
39293
37872
10496
31490
7722
48032
39233
47679
24694
21392
36845
32627
28754
27153
18595
43356
5788
38886
2130
37533
41007
16671
39029
10635
36724
28232
24367
24245
35746
39712
31345
7763
40302
24949
10768
28983
44625
505
36369
24862
4472
8554
22265
23096
39757
13964
4607
33713
28023
24986
49639
43543
18256
28112
47911
20001
42287
19410
32049
13022
25028
3030
47958
49245
15800
3913
8294
29965
8705
48172
47894
26610
26742
32711
38618
27246
34639
7985
7783
46533
27545
38693
16904
27217
1626
3489
10981
16179
15883
28866
17238
48493
29015
47428
28076
42024
6594
11700
39764
25300
37026
3494
41990
15033
31831
20788
6862
47660
43827
42837
45921
46650
37743
31090
27183
44392
12738
32943
44743
47787
43311
319
25099
35506
18069
2893
28229
45802
15054
25958
17289
43947
23960
24031
37110
21917
25088
48601
14594
16631
11245
15770
27543
31861
48613
26081
16257
8795
47431
13170
21690
17759
11945
26998
10196
37282
36225
38564
14759
5458
48044
48335
43140
47435
27765
47500
49387
40732
1144
40278
4474
10986
38322
33374
9774
33234
42045
35828
41647
39466
21527
49534
47988
1570
43975
15555
9512
31524
32894
8009
19685
41093
7408
45410
42601
43458
3832
40363
48454
8483
30362
16031
48852
49063
39639
16113
32756
32316
13576
20741
39420
111
36848
17079
619
10854
14935
48013
44797
14916
11552
5232
31008
13253
37558
48428
15511
24508
4520
44559
25010
24641
21994
2817
20451
10442
23886
27966
15173
8607
45260
8071
49330
1769
47837
49022
43150
23841
3255
40620
42495
687
17
30533
3690
14873
22912
27170
23275
35758
3319
14751
16799
25265
19302
42533
4392
39961
25621
28227
38190
39176
4898
30894
25362
6360
4281
49207
21944
5961
15293
10101
7721
3192
10068
20286
35185
38534
27225
22609
22157
202
48719
40282
39821
40396
29295
19537
35001
23990
46636
40416
12546
46672
28297
11089
22154
26362
3716
18444
3445
28984
9265
41797
49919
43210
44562
18818
35090
11150
47281
18705
46775
36954
30596
18149
27767
23517
44248
49074
29838
48370
48374
16464
49840
32599
36803
46504
22061
1883
48596
32495
22684
9163
22340
45352
4382
27193
9970
4045
941
30979
44949
28393
40764
27312
49059
13482
28200
34723
25793
31984
46395
35106
2759
14636
9560
25388
16585
14536
33657
20948
32212
20649
30751
11817
527
28640
46161
4878
14249
8290
30547
25147
40037
29267
32037
34236
5090
26656
31609
28720
38831
22038
20000
13803
47844
3986
48761
3055
27917
40642
19262
39792
48394
44185
40455
18239
15125
49392
5270
14528
2136
35599
28959
25421
3203
23427
20035
5735
14693
38584
23599
14402
397
27493
656
8883
41239
42983
17637
24143
36987
23488
22111
12066
40187
5863
45486
10677
25471
18787
1799
3575
26629
21997
19208
19704
44167
16356
20278
1776
21117
32215
18180
28432
46244
13366
48572
36761
38087
45116
13645
31401
37581
26866
28514
8630
4204
4589
44900
3484
8728
36620
40594
30486
2356
27350
43320
39835
37343
23070
25776
23903
44488
7620
35459
21898
10676
45330
8877
15965
12263
18971
13490
35056
9306
8597
29361
35010
10356
41445
22818
4911
32167
31501
22441
42325
16990
23369
1086
14064
15093
12581
7183
11901
20021
7930
13625
28858
5009
1514
37133
39536
46513
35741
25077
33751
18878
6511
23326
41010
24459
38069
6038
25710
11873
19697
883
37831
47744
30555
41113
10150
23855
23330
8140
10889
18316
31669
46996
3168
37201
23979
5087
9095
39196
9432
29609
25688
34726
10985
42869
34291
22095
40734
8618
48965
16190
28217
2275
46973
44838
47825
37953
4435
16198
15520
19849
39490
17052
37314
14812
18068
45973
44726
13116
26672
48989
29196
16896
39087
46855
49208
44878
12423
1704
339
14699
34157
49353
2751
43573
4429
46883
4108
23272
16704
23940
36545
3855
35257
468
24510
16436
14411
3922
33573
23205
12433
285
18873
7921
48720
257
29656
13263
5661
26885
1075
28064
5852
47920
25355
22883
26403
36851
21009
7958
4456
20065
3833
42213
11750
40138
36777
29823
32708
47633
35371
4372
6423
49432
3062
22587
1529
24658
44150
49510
40473
4223
34825
29540
4463
22641
24328
42478
28494
23641
29920
9780
40548
30016
11982
2118
9496
13837
43424
12540
31858
40443
28946
46948
26802
25926
21728
34045
26340
7467
4101
22207
6565
18076
42178
37391
44783
23431
31655
34964
49680
26484
17723
47771
24945
18262
45538
26994
12946
25119
39635
2956
33503
8230
46332
29176
27759
8833
181
667
34020
38491
45905
10954
25742
39066
25281
29512
9785
9114
23444
20309
34047
27304
45515
26673
35728
26716
35026
30896
28860
34749
10699
48731
6873
33933
46924
6310
2163
32998
8318
41412
27501
10107
20211
23994
47760
35776
8600
26798
44086
25351
19014
35864
38200
21064
2189
3376
47442
19658
26841
25071
17004
39106
38759
37422
48575
40142
19889
14827
47587
3256
8501
49400
14867
35084
21520
8278
39935
44093
510
6831
31465
4569
31556
2438
42790
48889
21521
47681
36214
38250
6591
23466
45351
1766
5350
1054
30798
16687
30774
384
6866
25485
1722
1245
30013
38082
42710
32595
2620
30208
36050
11763
42550
46880
47176
32862
3265
25616
9176
31402
12659
41153
46372
15261
16070
27426
27846
4800
38950
14696
5295
13609
18650
20169
5828
48487
23049
11565
21713
3369
5928
2999
24551
135
11206
46909
14324
11385
9151
17009
27906
20633
29054
32024
48767
33804
3092
32995
8435
4766
48734
35623
25827
31619
33304
16852
24104
24470
22156
22286
1644
45306
25963
26303
8860
19796
19162
32164
10702
33646
34009
36023
48117
14104
25154
29429
45445
3931
7396
1128
21268
29290
20130
12905
48692
2264
28535
13593
30223
34088
49429
40313
42512
15591
8929
4309
4951
44903
40145
41480
21938
45209
16840
40987
7792
6673
13494
18770
12799
16622
28877
46920
17796
12351
7122
44494
42019
26569
18797
14826
28986
19087
28075
5052
34635
32538
25787
39807
2368
43510
44564
35358
23197
42917
26975
23999
109
44886
46220
31863
28614
5999
45010
29597
33209
41073
33662
30290
30248
26012
34257
4348
13485
23650
15239
44048
24708
23646
5984
29173
40931
48436
6566
8731
35418
31301
49274
29681
5459
7069
26482
12601
4764
12632
49355
2542
11492
48207
19483
2800
20783
17601
29979
23230
31452
42115
38578
40283
8593
41736
12988
4660
14978
31919
6560
17332
12663
7109
18451
46620
49386
3291
10866
36682
3176
35086
48844
43252
38788
21775
16548
21684
20671
35359
45853
45224
13784
8209
17735
33545
34299
49349
39920
38216
10363
10445
27211
45077
47502
9261
23750
47320
49873
49253
8472
11139
49999
24712
36027
34736
15848
9610
19982
12261
40433
49725
43058
21023
40260
43687
23171
41435
24776
914
48179
9024
19749
35396
35213
46186
21662
2386
18892
19092
45649
44902
19834
32465
14805
48446
4385
16334
26476
38602
32343
45333
44157
13193
20761
40165
30211
11354
41205
37526
18902
4514
2883
37108
40575
43616
46278
23719
37273
39512
20115
2198
34030
30497
17256
22547
8886
18223
28440
36828
7892
19994
34462
31795
27932
4395
6424
17114
47547
31080
39915
47974
70
4206
26768
24071
45298
23712
3514
32642
4925
43152
17152
43163
807
17596
27046
18375
14433
47262
27992
1495
42294
10088
36269
20199
3813
15690
32790
19675
21950
18128
34579
32209
46061
28096
22749
7948
35557
42891
31792
34137
16623
18258
24266
8367
43517
48357
32513
12798
46675
40319
40873
40317
14327
42072
37580
39871
38254
42311
46860
40370
47792
16793
13571
45232
37735
3877
32603
27399
24248
36468
19833
7764
13318
34979
29303
18967
37296
26161
19625
30200
35911
48102
44069
31677
1797
20480
24511
32383
29431
9118
37021
17467
37998
47523
41544
13808
21930
47700
35373
45513
4469
27872
18603
34577
47112
39329
45397
43133
2115
966
6428
25983
26781
26966
13834
18491
10666
9099
36866
21448
22786
48439
42247
35138
29193
15294
4863
3169
4467
38988
13700
48850
5806
23787
23287
47845
46812
10972
6108
13762
43906
22163
34260
30518
1791
30286
13976
32244
35738
38944
10419
39346
18604
18408
48128
44730
26369
46836
14970
13528
36254
34684
18777
419
30959
18645
47372
6571
13424
2821
29557
5023
23792
30297
38546
15290
7308
15238
13794
34549
6418
43807
45022
15801
18549
10877
17647
15286
16299
29786
18896
40991
17142
20885
34255
19907
43442
43475
14619
36799
9742
44928
5298
28676
43078
49533
28420
39326
11821
18709
7793
3762
11091
28436
32148
5218
6119
2769
21912
9264
47084
815
12772
12121
49020
2253
9195
39040
34685
1371
9140
8757
43870
32907
20308
47188
49031
43199
3314
26341
20641
44137
23032
42692
16524
44402
3139
20687
38152
2079
23921
46412
46072
2522
41398
48154
19865
1509
6121
31258
9544
31105
45716
14203
2121
49450
36576
16076
3892
26739
34130
35549
40846
28205
10567
26623
10060
3351
23894
22243
24286
2866
29016
37485
27794
22423
43989
39421
49206
46330
11943
46717
9414
49565
35647
39426
7924
14787
29452
42610
19442
41222
25507
18269
2146
18550
22500
2723
32055
24348
35054
46
15431
34232
4192
13926
25552
35335
15139
42290
34439
37084
4952
20133
42081
35308
10293
3003
32950
46390
4860
40021
21281
36136
47134
30958
34791
47833
7011
39515
19861
13626
34215
2489
45549
40458
27235
49763
12023
28898
31484
38229
21550
27323
24547
48137
27522
35973
26042
28206
25542
37093
49770
7914
1745
5256
21314
49898
41556
34064
19108
43405
9819
16659
4173
20471
21888
14267
35017
46309
32351
20095
25857
17056
21315
15856
37029
5761
18461
18791
41220
2655
27875
30503
45626
44832
26977
45350
46990
11808
6319
28954
9633
36959
36796
25611
44443
48896
35287
25295
45090
33080
24426
40711
29224
43769
15634
25416
40759
12860
15992
5771
39210
41529
33978
11586
48620
2847
36463
8350
32419
14828
38011
29563
5891
1087
2039
17743
40592
45030
34762
3666
38528
14276
32131
13910
46451
27598
33247
5655
16127
1048
2538
37606
43821
30436
10428
363
32013
28057
47488
48268
39108
36470
11205
25922
49790
47846
40112
26526
19640
25932
22093
8295
30213
49773
31751
23666
11799
18411
37646
45212
30842
12998
40486
16066
3725
16268
19126
2908
46842
29491
28148
169
5538
35294
14287
12732
4770
10069
39280
10158
32739
18317
9502
1874
4596
6793
13570
36574
34372
2185
28974
28374
10863
35485
10823
21687
37889
18505
21876
23584
34989
22465
28085
44887
39474
17525
33806
30457
47745
35559
5326
32425
12479
34560
20217
49170
9174
4114
34424
12063
20631
8148
25003
1526
9779
33315
26521
10235
2070
20564
19115
17791
48116
43263
23594
26422
28048
37363
24584
44959
49410
46126
11363
24320
13717
33913
14905
6081
20102
26537
49608
37788
12002
6842
20971
22195
36792
41186
7409
15501
47275
47840
3134
2436
29179
46230
14859
44056
30347
9871
33487
10252
13276
27506
13321
9846
685
14032
5807
21878
7039
6997
24817
49420
25499
38553
48101
8018
14183
37408
31375
34706
34961
47378
2332
18907
28251
40366
9070
3861
2471
41261
4649
24627
9102
14613
6682
19509
3947
47231
229
11202
45850
30367
43323
48323
7170
2500
9292
38320
30646
12170
46225
44567
48482
19500
38609
37062
20124
46297
37653
40813
40898
40976
30163
658
46908
13589
25359
13000
25235
34592
19560
25777
48159
4230
17807
19539
32391
31812
37418
17383
44673
12186
11416
33987
38704
34054
44125
29800
18061
20310
6441
15915
44694
10148
33917
10715
26865
25049
9228
28657
9631
4257
39122
16285
5169
22024
31398
33149
17185
43292
11841
49389
11041
13145
2763
2291
44352
15120
1735
33396
48028
17412
10750
8914
47037
26971
30197
49019
43067
41786
8402
9746
2191
26778
10836
46537
20524
8631
39626
46384
11787
36971
23152
31267
26074
3938
42757
29357
17494
34693
21575
47549
5439
23487
21761
48000
28994
46716
35510
26274
31372
28616
29758
34984
8549
15963
20679
22191
4033
42636
44481
48879
7309
19352
5919
26364
18240
5449
35066
30027
17859
18979
9839
3200
8579
18913
22166
29876
40450
27683
6759
4545
39235
19696
41488
11994
43220
29
30056
2700
4829
29423
20937
42060
11741
6210
14021
14007
10969
12814
2955
21100
27237
12670
27221
22903
47730
46103
26295
26910
2971
2947
34382
35733
4039
4881
47309
29517
4757
34547
39284
24109
36662
24002
13836
6118
30719
33557
6460
35408
26294
25466
43283
41091
32130
8493
39311
19637
9732
16398
12528
35053
45381
32776
49620
2935
14070
49305
11951
45931
3289
48545
5979
14566
20555
41967
21697
49975
39942
22362
40901
39239
30375
46986
11311
6581
35836
31546
10173
26903
5911
36007
44607
39444
34948
2420
36964
24703
31986
45174
11744
43190
8859
2455
16712
13102
23730
3968
39225
11693
31396
24554
44956
5627
44111
19774
14476
18977
24880
46858
32432
3020
45062
45880
32035
46233
34816
47584
30849
13603
7494
44041
17273
36346
27824
14788
552
25081
12986
3886
15445
18480
41658
11342
29438
26529
40535
42851
14015
38585
40082
36939
11968
45910
45265
1685
30452
399
22645
40148
29201
45772
6177
40262
8107
46270
24915
5476
41829
37366
2453
41384
31540
36601
8303
32056
22307
47781
29678
36882
27800
25727
6646
3380
38521
42666
40769
12227
4289
15624
15135
41710
36474
28687
39996
49902
4006
27616
41198
41802
43518
8311
41633
295
17272
48113
8063
39378
37804
33575
7771
11397
43976
11032
16581
35845
30977
4640
20921
2424
22112
4128
35794
48125
8874
6923
8991
3924
18381
46005
37437
35036
11031
42631
14321
28368
23439
39912
32796
30956
46382
29683
43043
20266
1618
40150
23309
40625
5778
3686
12197
25198
18302
35120
22172
46305
33875
48064
28671
21118
19753
5558
35432
45718
18424
9352
46364
30657
3118
21181
28661
38688
46439
15204
593
38479
23206
24293
43963
23501
10732
20967
14090
16506
39451
31875
27619
5958
19177
15360
8293
37594
18096
8736
34640
35367
11940
49907
11092
22007
45491
3835
49223
123
4213
5331
37221
24939
41536
20836
3048
17557
42121
44338
860
7817
15262
4248
10811
27186
34999
13727
49467
5423
40561
24204
3060
2721
35609
14810
18877
29076
21595
9281
4586
46468
20603
26883
18693
3339
48177
28784
5238
30552
30340
45774
3272
34769
15778
47676
25754
19769
44011
8730
44643
17534
6787
48184
37516
2684
21870
18552
43019
43529
20757
4008
10447
23673
7739
9685
42675
39288
2403
8127
22672
5007
773
8666
35140
42662
21212
40780
13919
41119
9439
18232
15026
43686
18254
37543
15537
46086
41098
7652
15506
25966
35209
5374
19436
7063
18960
19204
7353
49376
464
46861
23663
23527
47779
45501
31454
22228
14065
19401
16612
33208
18142
39842
16015
27782
5847
248
26467
42203
31195
29695
13281
5729
16082
17756
27820
597
13774
13832
41776
10177
38396
39190
9692
33053
9854
46014
45769
28770
6690
38715
16432
1178
26235
47795
46927
27104
49000
5417
26367
24516
20676
32648
36852
36812
13733
20355
15067
42147
13948
49521
19612
1781
38997
29542
26709
44528
32041
25956
45956
15337
49072
42162
23396
37706
21694
38203
17286
4581
49216
18395
40179
29552
6348
32322
41082
37813
37424
41302
1019
44237
15817
44969
42373
3797
34031
36562
9418
33472
46512
44345
27406
10142
24392
5527
24299
24942
47616
28732
25185
28582
45271
11366
18050
40793
13624
11172
6004
12320
32020
27319
16173
38247
17669
24619
49506
1536
39107
8077
32885
3768
37124
39722
1366
26405
35824
45705
13714
7723
3871
40038
14595
26308
26943
10274
41505
15539
25334
49798
6725
31988
38705
24822
762
7113
11008
11400
5597
39427
10662
44682
36608
7407
8988
28695
27757
39647
16397
4782
32306
17277
28542
31515
46910
45123
45534
26429
3046
2989
30898
42660
8416
37588
45969
25944
23220
45292
3583
6155
11529
20780
49171
13713
49296
37478
47204
13228
44702
12008
14144
27223
16390
33999
31005
7255
20139
40199
41930
30889
40364
16501
2316
37759
33797
33123
49945
45197
7479
4194
38567
48465
47029
37793
17439
26911
590
38196
4487
23568
16826
1401
41245
33995
8425
25226
15795
29536
41794
37914
34609
32594
47186
12133
21381
13238
13475
32842
21644
14618
3500
46975
27425
11728
22317
40056
48030
17684
27554
40911
39612
14971
1173
17001
12557
7429
20526
1216
47332
26559
23318
35457
6311
22258
39083
2548
47849
21516
25319
22454
47701
14421
4810
18241
4112
19756
8489
28224
49390
30103
8326
12733
29619
38044
31750
35221
3021
40134
32963
349
35696
35477
36694
11781
14620
9675
47509
49486
13566
13607
36589
1952
9959
38789
40894
34191
43310
6254
17778
29850
8741
42077
5455
17868
21400
10739
37003
34698
34159
27807
14984
22942
10075
19030
1681
46721
8578
7967
20516
16402
4391
15859
5808
42170
14534
28442
31274
46184
21891
11566
40181
9910
26648
12859
45177
1744
11420
40168
17179
13059
36246
19481
2045
22400
33062
16900
28774
39817
15325
2232
44456
33200
24301
40560
34349
13584
13755
12741
24410
46785
238
3218
25885
13750
31129
45289
16431
42182
126
28405
18398
31027
48821
28270
18496
38432
4922
24036
41607
46937
37152
48098
46169
37600
49539
34108
33626
19051
8919
23461
18122
17902
41845
40411
41133
97
31917
8592
24881
43074
32222
15058
17716
19702
4307
39151
11855
38073
16642
25125
8657
44666
29962
13355
16875
23748
6687
31762
34076
7317
45986
34682
44190
10822
34219
16780
18286
12179
14247
6621
28016
45126
45055
41599
25692
12195
47458
23612
44112
49242
40190
33419
32017
31303
38311
21367
10745
26780
29049
40515
28521
13585
39250
26686
8011
17184
11415
20586
41685
3826
31414
28179
16886
38901
35587
36286
46101
26508
25584
48894
8044
45477
34944
17611
16978
44853
29234
32610
9470
22876
33256
17158
7899
23745
19491
48549
34573
30691
32320
22239
11496
3427
47903
736
20561
41866
11246
12322
13984
41606
43956
2707
44342
28000
19914
23817
40803
42185
22835
25358
25000
23933
25600
48792
28808
21818
1625
41352
30749
33477
14312
11026
20456
9834
3211
7439
31207
48915
6792
24498
36422
24223
6499
684
26693
39027
24453
14495
37228
21835
36142
2138
34241
15130
6679
48238
35971
5894
36100
49549
18432
24095
41904
28969
33343
39952
47691
15638
46245
25778
20615
29273
49845
21298
23365
40276
25715
27298
21439
44377
25274
28516
5202
26287
15317
1639
26551
4845
12115
1304
34006
15003
19765
43046
47594
6164
1488
39314
48955
39577
6133
3673
40576
41068
18872
17126
28893
43778
2418
4118
29419
17107
20773
18344
31121
19266
40603
43214
41159
475
7938
2868
14323
1692
2972
14580
27413
5751
6616
14521
13219
6876
3565
48930
40716
37583
44221
24
28943
46443
41263
39880
43682
22222
46756
267
9430
28408
48790
17594
17438
18893
31364
22386
18217
45120
19281
11681
35295
31921
20143
38469
23119
40188
2624
17886
32104
28717
34024
29691
28175
35421
21743
13555
16773
37871
39870
31776
3246
24476
2440
19989
7061
12364
41897
38599
48512
47169
21916
4568
17039
18105
11507
2546
39144
4041
22763
14556
30546
29146
24731
28880
7158
4475
44217
48061
22822
36923
17576
25671
12852
4760
4837
4410
14240
19692
45550
44344
4736
39456
5156
41498
21230
34603
36541
8026
16805
39497
20740
20959
19124
29777
20843
6716
28670
22530
12676
21966
4009
8702
2532
40985
49105
20280
16960
9015
20285
43291
38201
35410
46025
2168
37712
6939
389
38338
49163
4674
40954
36697
25251
35255
2094
8470
16443
832
38986
22561
33091
31096
5740
36985
5641
12309
6629
19678
31366
40730
43101
46038
29739
7595
5712
45012
4945
18506
45364
13906
36371
2697
11208
46502
35756
40930
30757
12865
15585
39696
12402
10632
9588
29604
13870
28690
23986
34224
38763
29192
16559
28152
35134
2307
43099
8505
35315
37783
17922
5513
3041
3147
32381
5819
12478
637
41947
35618
32670
35665
38313
27816
22802
27620
5354
35401
12730
13654
49984
39367
35809
46984
1156
20473
33385
44353
33369
42316
32820
37789
8121
43378
29523
28605
47506
10184
8056
2545
27162
20589
36116
12090
22620
1673
35856
39428
44401
16833
15477
8203
3453
15306
45282
33946
1330
22584
17317
40944
42564
6935
38210
10766
33446
7986
49010
14666
27362
23506
31571
45149
49109
41342
31127
23241
6451
12105
34789
30679
31057
20370
44321
9862
22919
3779
18125
37956
20743
31233
13646
15441
49911
18348
11648
15297
47503
5113
42945
26507
48806
32380
3636
47578
13385
27576
19754
36791
22769
45683
37389
43102
6347
15538
44400
22068
43591
18972
18360
49675
28834
26464
23279
19093
2148
11815
16729
25357
33858
37800
457
18452
6668
12139
41783
18601
13311
36190
28734
21407
13726
10743
1147
31189
40196
13583
11405
10830
8265
39495
49024
47861
44467
35269
23498
5191
29516
48696
18467
39824
39501
22133
42452
32641
1864
41033
15044
12570
23913
17522
9728
32921
21764
16030
14133
48410
8143
38404
3462
44212
17230
42683
20279
15607
47370
35840
4019
23859
20437
28444
35161
26636
14394
36187
6653
30617
3464
34422
29792
20430
28061
3631
46777
40476
2320
19748
28505
7456
15365
29797
21391
31111
31746
853
29463
40225
49078
36448
18975
10620
13319
37089
5313
25272
33849
3491
13362
1961
43766
33319
36723
14305
25632
27013
8954
16035
9290
27508
19859
8872
26197
30824
49332
24596
35868
5452
19691
31450
23328
20226
45811
39994
25361
9786
4358
3987
1710
49113
42984
14543
39782
634
25769
20825
13936
1259
28129
31485
21482
41390
38377
37582
9508
45884
34632
1919
31321
43465
5360
24449
34316
11384
15812
14265
32869
2854
25116
37917
28624
45467
12338
26999
24597
16305
9622
16245
30141
16895
8211
2106
39486
14606
21472
37176
49822
17178
44073
34259
29503
5215
7161
27224
9183
41695
5250
25605
44424
12446
3712
47753
3158
8989
48230
12033
12945
41993
14947
23623
1317
13864
12216
10924
26305
28239
25218
13113
5550
10787
24775
3994
3408
31975
21369
33225
8337
4403
32312
22564
8446
28449
11251
17752
15870
48443
17415
24916
8208
4901
44374
14288
48083
35962
13483
44007
11987
27778
38643
38362
41006
41604
35586
22341
25708
32498
17969
12140
44829
24287
10
19053
36397
43558
13261
26949
42238
25489
49667
44366
42516
41503
16139
41348
27628
42320
16860
20327
15791
20161
41353
35662
27654
5497
49401
31339
32970
44339
282
27316
23567
30908
46166
34330
30505
1015
8716
33979
15209
44703
8131
2267
22862
21811
48858
45020
17758
43843
42462
10578
31662
39353
26747
38769
18713
46800
33763
13305
30572
42353
26587
4268
24693
3857
21276
1686
27482
19939
24052
5896
8022
10944
10015
14037
41489
20637
25012
14449
37502
2676
30888
30586
40382
19484
3135
10710
5629
1802
28906
1873
15091
15711
662
9950
44376
30226
36552
47167
26704
41763
48691
20813
42231
4369
10327
21051
23411
49935
32098
29875
33891
44099
34184
24375
4451
49162
32169
16661
4777
18725
26664
6000
49419
6958
10871
739
21411
1029
44781
39878
25258
34500
6071
7971
45215
17605
17409
12502
2425
5975
19080
35124
2881
36641
28394
17646
8461
5506
33059
38971
29276
41266
27431
48981
24556
25400
35297
47116
30075
29601
2228
35227
19663
11269
28528
38662
45157
36628
26657
859
37097
31365
5080
12369
15010
37100
29017
4498
27308
9960
33063
43934
23774
40530
25756
17532
41502
35742
46987
9565
14197
17065
26333
2002
18332
30815
22670
24727
29163
17993
33447
41460
35235
18930
33271
41711
32456
25160
20865
25887
30419
11123
40130
24487
28135
8613
24836
11465
44329
48588
25240
13136
28133
48937
29980
6780
25127
44946
41044
27942
15493
14013
15831
15397
39893
26909
35568
35999
18419
19260
27551
5411
21222
36704
16748
36081
48742
27274
34529
32094
284
47471
29611
16391
32181
23087
11570
48416
18158
22236
33758
9073
14743
48892
27636
27138
35109
17121
8251
34245
48140
12729
327
23071
30461
17765
22541
740
23280
43763
28710
33777
15866
32199
39882
32993
28964
12953
4688
19114
11834
1566
26689
30068
10209
33379
44038
11294
39834
45500
16089
40527
17186
42918
28138
45362
37255
36793
49525
1276
8358
19428
32413
13615
33493
47069
21032
40147
24006
19337
7232
18633
44181
20368
31489
37074
36855
16691
13900
23063
11203
39374
11729
21607
34461
47593
33695
12650
30018
8283
869
25394
32624
9419
36983
33143
8349
22466
3607
36618
4547
37531
14360
43559
24665
18450
45015
30080
5662
6421
7295
39610
17555
47489
26848
29530
15703
11829
43784
46706
20739
35183
49501
14597
20661
48255
12015
47751
27784
38109
49324
2788
11404
21081
39438
6608
26029
44266
16106
18919
25659
14583
16209
24370
34340
17882
35881
2565
16988
20180
44909
9475
664
7742
30369
1320
22165
44982
9376
11253
11097
30881
38046
12148
23645
21125
42421
38027
28012
22026
17617
16129
44597
15982
7420
38361
42264
11484
167
9046
47963
9129
45911
21337
27055
23034
24683
3480
22303
27061
21378
23443
45736
3993
48828
47177
27273
43987
27856
48431
26094
44842
14807
11651
42027
14259
36298
31464
46573
8781
39802
6426
26788
5835
18306
1827
17407
2277
21561
17225
29066
6058
3035
9476
177
26277
16326
47550
8515
8888
34096
23721
17156
8722
27969
26209
39080
36759
35823
38266
49673
18993
26738
44138
38490
21285
32722
10164
45919
36476
41139
25820
40870
9184
38348
29471
49864
10828
38274
45338
6723
14382
44675
3300
20319
3739
32133
44034
29684
10572
33213
33767
43253
24672
37374
21305
49106
32626
40750
46189
4652
6699
18299
34763
48948
21027
10178
2872
16795
27791
49375
40186
46040
28693
11506
37852
1014
22905
26803
10873
559
48877
6764
43746
18215
43783
18799
49190
9128
6151
38765
49541
43340
10774
26084
40083
43275
4621
919
17948
40959
6802
35793
20823
11017
35818
7364
7886
30817
45887
47898
47752
13388
31473
38365
31315
46218
13390
28006
40074
17194
36898
13975
12007
29271
47643
49756
7703
36948
21922
8760
42951
4205
44731
9109
7223
37453
37356
22725
29398
22928
14176
4263
41328
7263
6394
31593
33888
38357
32022
25587
22671
35108
6839
5189
29236
27087
12161
9997
37854
23132
44287
3811
35444
44371
40483
25350
16965
26243
11836
33423
31780
49498
30052
37550
25647
45455
14578
15573
42834
6868
16112
31449
44122
36003
44465
42219
42789
37053
26004
31701
17010
25346
37392
38015
4254
44232
31360
19733
20677
41061
1962
13491
6748
48131
30620
19993
31551
25936
8334
7525
19608
44530
35397
18564
25823
16470
23188
8854
44395
20629
43548
15734
33869
18612
946
11195
5520
37727
44115
31328
34048
23596
39549
40657
18910
27454
49717
18003
32069
34558
45179
32109
35544
10547
3157
41115
9168
6880
18040
32808
21470
21936
10358
40528
23120
11985
49740
43325
30121
25681
1860
4963
11682
9458
37059
21841
19594
24518
31248
2742
17940
7647
16713
34037
28950
25378
5457
49383
17090
31201
11525
17923
18533
2023
45635
4885
20165
40737
20032
42828
35876
13522
16407
48011
22625
25721
10471
5880
27663
4657
26554
38349
17470
6206
31307
720
11410
39625
5565
22683
27200
41972
37123
10574
10216
46999
33864
14911
17653
20195
36679
3860
44365
19094
9023
36429
4995
49668
44198
42651
600
37281
20372
31482
17027
13005
7684
27485
6145
23480
23219
41761
29711
12220
7155
46929
49179
17035
46759
49431
4373
31993
2826
24237
45377
46043
32044
48104
25021
38145
34326
41895
31126
25270
12114
11327
41494
33964
24138
41294
43978
9399
13348
14113
16087
5471
15234
44331
23260
44736
40006
46052
21653
39274
37821
44264
9472
10607
31285
34606
6816
49932
28196
13159
8385
39365
21735
16511
29620
16211
5913
6193
8021
28140
27893
46841
17871
48845
39156
24073
33295
41998
27313
37863
13568
47245
26316
16996
3595
19664
32558
16043
23010
40877
21127
19079
33506
18811
46903
26077
1817
18675
49469
26413
9708
5596
19933
21427
31632
26288
36661
3809
5064
18018
9830
7709
15871
18696
6179
12523
47308
35499
40482
21617
17620
17624
31505
36310
7659
17477
36942
16468
33365
19036
7846
12487
37349
30394
24200
23324
43098
21192
22882
28502
1606
38256
18854
20288
41841
47290
31558
19113
16583
37434
45118
17392
40329
1510
41101
36375
21021
42416
10017
30721
34123
3481
36907
18538
42428
30975
9340
198
37608
39929
29008
17368
47492
42839
949
2791
174
9694
32972
47991
33873
19728
4557
26014
27665
31734
35144
29655
6445
45374
21045
42120
47512
5137
9152
11479
7687
23380
6507
6888
47538
6528
8992
2524
28145
47782
36495
5239
41315
27831
30330
14244
49160
45148
44962
33994
34001
41755
36274
20414
33686
17571
9824
19118
47484
17423
49618
7033
9848
10980
13371
23642
44447
25822
28156
42343
42391
43955
352
19168
2588
9911
15911
31171
602
30591
23413
9725
28106
44573
38783
49041
34847
24936
47601
9050
39268
45886
41813
38614
45950
35799
1768
36388
9796
3903
23201
30371
29335
49693
5352
18252
43799
48700
17773
47697
24523
46067
33838
42658
47137
23778
18732
30839
17704
11472
5480
33860
41448
2354
36262
30904
28032
11600
7105
47161
20898
43846
30727
9362
14205
21703
24778
45114
28884
28237
33071
32485
31061
10112
18500
32731
43307
43696
11132
34374
16210
30886
26688
26276
12652
30049
41387
43331
26643
32004
23848
45753
23146
45244
38607
14271
33004
27477
8309
3052
27407
1289
35104
36085
9619
1558
49971
49239
9226
43671
45937
27492
49065
32435
48060
21567
40397
10151
1345
31031
14424
29373
16891
24837
21385
42195
23869
44642
42579
21134
39047
35216
24748
35750
47413
6002
15012
14282
6221
13049
24386
4921
28864
18
35314
30039
6548
44163
26989
29774
37557
41379
38870
14676
39968
43939
28018
41665
30010
21179
40373
44780
41527
46592
2105
115
7029
15396
34417
36763
31114
1520
25216
4203
12217
9554
40291
21147
10289
39740
45454
10149
21184
49388
427
1286
49621
33529
1420
45119
2528
14462
42160
10396
25094
40512
30989
1189
6826
12341
30892
6270
29881
9901
18674
2555
40715
21098
31707
17302
17996
46607
16420
47296
2393
26933
17911
40885
33757
9219
25617
13849
2916
5050
6365
43828
21320
3867
39148
15557
45779
22375
1983
22397
22696
45792
15183
42078
5469
25481
44012
34767
8277
18099
26202
39794
20071
35283
21003
45457
2706
21112
30041
46810
46458
43233
28518
11356
34235
35386
41674
45277
46044
39663
30605
13463
28431
24943
21330
18449
32736
41166
14175
31368
37817
43711
33199
7510
8863
22178
39062
49784
4360
17736
37708
22254
25062
10509
16597
43157
15307
19304
19571
15425
42438
5695
26392
46612
1315
17709
20474
11701
45835
13207
14031
7582
43035
38148
36137
46811
4575
37022
22721
49611
27447
34704
36745
697
48938
40469
11642
28003
45023
6395
14545
40167
38620
37249
30044
31914
25738
48453
13579
1410
15826
10147
38240
10606
14841
20099
44262
32315
21975
26825
36321
15978
3750
44942
32259
5260
32564
40900
1736
45618
15719
19368
37799
27419
21821
23329
40354
24615
45874
15816
48351
48521
49213
44078
13444
15754
36427
24884
8739
30510
17106
16593
17094
4462
48963
32705
25184
44330
20500
33942
10065
23908
13230
21582
42766
47399
30902
81
35745
25356
25411
13243
37941
5078
38868
49164
14190
45737
2743
13247
3695
69
4227
33052
20219
4271
41258
26027
10565
1643
10287
8393
19806
23483
4804
26892
4422
14496
14953
7055
41805
18081
31736
1434
6946
25763
24176
5998
15370
33736
12756
48043
27870
3482
42146
53
41147
28211
13380
49360
37753
3893
48202
9000
37968
30720
37008
19867
24238
5675
16866
29813
40839
24702
39072
26236
24067
8096
12717
5508
34158
16998
40360
27823
20509
26158
46011
36184
12005
35355
48147
33816
20812
45847
29464
23124
16151
35564
48397
537
6550
9450
12337
14505
3511
13965
25898
16092
39814
29756
41289
47664
7442
13045
40427
38692
39005
42826
44333
38106
13782
34305
31002
47767
13025
41063
17914
21082
19951
21579
23932
19908
9006
4721
7681
16141
32778
20384
40516
34930
44817
21277
18578
20488
1863
2157
28881
33841
4666
3499
32574
43391
20901
18539
36090
8258
15483
29515
5032
12020
17305
31477
28446
13953
19874
13947
23846
31187
21862
18881
549
12156
41631
35247
11181
3447
16009
39478
27588
24472
32839
14700
35899
34898
4460
3944
28979
45965
43357
14237
30108
29735
4297
43368
18517
3685
33336
48486
9403
20053
14077
26032
37797
6413
37386
43160
44153
16725
34168
42222
42695
49555
24156
7669
24124
4587
46428
36743
11876
41360
42835
45059
8814
33556
8216
16142
45691
20291
29228
14466
43822
41426
3492
17034
24592
24072
31699
35533
33958
49147
33811
15772
48619
2761
32563
11288
39531
43924
45270
21820
32301
31333
35364
7740
12215
26343
15617
10365
3587
41982
41019
44990
2958
49457
1399
26579
44464
22562
17433
46416
34271
9688
24433
31075
28272
4252
28207
7380
31744
834
15579
46092
43110
42894
43977
41944
15430
13467
14349
15497
41132
26837
13187
43599
26948
21347
23614
17395
17650
40727
29260
15847
1344
49091
48006
39783
6314
29314
3755
15693
22472
49575
42978
5335
28098
259
48725
15152
28610
5750
41143
8185
34687
34486
25881
42326
16197
14368
49562
43920
23533
15775
45222
14016
18813
37102
46523
32515
7017
26685
27699
36248
13346
8000
3537
23172
36020
35196
47709
47384
11455
35787
8109
12013
43406
21450
27536
19722
39727
46727
19456
23089
20393
36946
21234
36434
24716
39377
48762
6627
19847
5553
7111
3707
8970
38573
20039
39480
30903
41842
34588
16324
29300
40321
24456
18620
2530
33881
9108
13868
28120
10720
13971
34748
27690
30171
29628
3510
22851
26896
9334
43781
10910
31633
10382
14150
14687
30133
17685
41744
39679
27755
2820
25505
43820
17424
17535
94
32203
16847
44423
19652
29499
8266
19193
26402
21067
37702
19961
29706
26196
11211
48127
12787
920
19964
6883
43451
29652
6019
6165
18600
23543
7182
36561
47738
12824
47823
13546
30477
28809
19990
28189
18367
12043
27395
36528
9679
34105
48683
9477
32171
37695
7431
49380
30725
42768
657
36273
21334
40256
44905
46328
12392
6789
5988
7491
45290
42431
41992
34917
12040
47479
30058
33824
27385
35260
28993
9976
30711
3385
29859
11283
9171
9270
41142
46462
13663
7855
16239
12357
28372
40266
20434
19374
39114
22523
18083
45182
38336
22202
38706
42740
33244
36927
1737
44273
15857
40565
28546
32229
4842
43236
48627
11023
23755
43159
47063
36588
3909
42859
14801
18037
8259
18225
44544
12230
23917
27610
1432
46365
45339
19049
39850
48389
15447
3692
34524
46884
17507
17050
18319
3430
14357
3129
12958
22338
18443
8373
30001
21396
11605
29610
40696
42012
41059
33222
40997
30731
18634
43462
25670
36099
5309
44656
19812
31600
41588
29868
16881
14888
16903
20605
2284
16744
26040
16715
27885
38928
9213
7334
46082
27808
42270
12721
37915
13513
15393
3733
48089
28244
39811
11746
36320
18253
9919
28833
19626
15266
44156
41272
29127
27691
22422
36465
23358
35038
10652
37239
32505
16350
38273
12234
6390
18116
25961
30132
44988
40158
40611
32220
17618
35304
12864
9562
9216
19471
25497
26586
35061
17579
1764
4748
16056
6320
20568
7108
12568
21637
43363
34922
49789
42494
21744
16679
41264
27197
47568
21255
42965
23441
11137
7280
9894
22428
21372
29612
31715
45183
46770
6045
288
38178
39188
25527
23042
47022
49176
43155
48928
11704
46853
21333
1331
3841
14024
3045
49323
19232
14098
23824
34829
45147
39849
25762
7499
49738
12278
4841
28050
14185
12879
20267
27098
4240
15449
44526
8386
12022
19463
24721
45655
11558
3238
36074
38414
45132
9532
39229
15347
3953
46172
1605
28607
9447
42705
8052
15419
21113
10310
36805
11969
3170
5536
20643
23430
33045
8619
25496
34269
11368
22089
13205
1925
31099
35165
40910
11597
4166
7698
11170
13181
40837
3473
25804
45541
18793
34615
15456
16133
41312
28551
10826
16563
12841
18035
16518
20098
1749
1717
12047
669
29346
40675
41592
7931
24715
6641
13816
1490
13453
26812
44589
29994
12330
26139
28722
13884
32931
7598
32863
30409
23860
40996
35083
22954
1230
29696
33218
6285
25775
30051
20826
13676
21806
3216
30414
37340
19840
4872
6910
5640
28786
3222
5932
36580
41396
46254
1192
4058
27709
15333
13293
25181
38767
33383
3023
6194
42542
7279
20157
3031
30689
32058
14662
41770
28143
4135
22134
14668
40559
19099
49130
43467
20050
33448
46002
42091
13519
11997
48750
2404
28644
21000
12861
20031
9925
7564
35504
38103
6087
22498
42029
21306
43908
46547
11130
31520
39883
40386
3852
23643
18186
32151
42987
19095
20123
11758
22305
11419
26109
19639
32
16810
24636
26155
35679
28158
4231
18856
44289
35429
22863
1370
30843
44635
6035
48076
18342
36093
34261
12474
29089
40891
27163
8712
8122
36284
41548
49956
17919
20104
1751
27056
7410
15750
27949
28115
23706
28310
26270
27007
43380
7416
44647
34264
49583
36912
32500
358
24964
41865
29851
35924
34121
34593
17134
42418
42755
19593
27931
48415
12525
10120
7484
40504
45261
3962
27058
25026
26485
33363
38253
46514
30073
1627
25458
4273
15351
21586
5943
39773
26098
45806
10070
47340
24536
12404
13172
32394
43
12291
41714
39754
32105
11364
16887
27227
27063
3504
31367
27909
48910
14726
49306
43388
20041
25066
31254
49835
22430
9975
16264
32697
4538
12977
3579
28694
21794
3093
41085
10809
48684
26666
7012
2182
4102
15687
10799
29943
38539
28841
13241
14689
2237
36604
4305
25706
3253
20412
4040
41156
10718
7421
44932
33971
16735
20059
47978
11003
15025
10499
1262
10089
33831
30598
31384
46140
13474
43741
17809
31771
17011
25934
27393
20869
46122
34646
41803
20632
33857
3918
29618
38884
45018
6698
24440
33397
40505
24381
17350
39946
17703
32725
2389
33100
9661
27099
44915
35316
6636
49238
25435
33819
19077
48822
33454
49358
14284
20189
28973
16114
5563
617
42933
29689
35236
22926
45274
10010
34943
23732
37414
35163
7631
20062
41467
29782
45366
13687
21945
1328
19052
40368
13628
38101
12489
21641
27594
28136
36695
2637
41506
46517
29864
46171
26940
43775
42440
29617
14480
40755
21154
28373
17015
45523
35032
39960
16016
19253
31400
13114
25774
26690
19836
27150
21524
13404
34278
13488
38535
39202
47758
7815
48776
6603
24813
46154
22976
39648
355
27359
37262
4229
44018
18107
47497
45570
26919
45793
29698
7533
44263
29946
38963
47902
7728
16844
24780
45685
48377
29206
37619
12314
2984
47853
24631
16739
3923
22145
2843
22580
23093
26758
31690
1053
40573
1409
2713
13182
26249
41812
82
21388
5257
15281
15212
38660
32766
22451
37498
8490
18773
13955
45865
4836
11377
23432
2709
48121
44271
35957
16256
19231
31550
23176
30925
48158
9731
1441
44119
45032
19468
29548
12758
24436
46640
42756
46993
24178
40198
46799
9629
21720
4886
18486
6476
20883
8678
15912
20012
14209
8755
37321
4276
37411
4720
9016
45124
22129
9586
25931
18741
11733
32553
43707
33456
46696
47365
37539
27233
36935
30664
47039
770
27151
31576
41011
960
36516
8001
21035
34941
45367
35406
6385
28199
12735
2911
23317
45994
42232
4209
20949
23401
26872
44521
6901
19416
9121
16618
9156
21498
856
44765
23479
40063
39116
16345
32302
20358
31617
40376
28184
36342
38051
19201
2732
40644
1292
35268
22274
45898
13020
5400
32823
9203
5619
18875
36502
48485
27976
1218
20436
7919
36640
34820
49711
27531
19862
4895
46454
24116
30134
30582
21658
23845
28465
40662
15716
36315
11323
27177
23812
45213
49328
36823
21040
32341
24810
27299
28554
35446
19785
32386
25928
16567
44539
9957
11509
14467
44523
33966
49709
32540
32155
47661
6704
6141
32276
36138
23072
30899
32477
27497
22744
35837
18102
31067
46922
20087
16737
8514
7662
20395
3890
19299
25244
2740
49677
17066
9921
13805
9111
9500
38476
30189
42569
14238
19540
27096
38376
7828
47917
7432
33548
25384
14880
7818
22823
44795
258
32052
15766
6593
5995
21231
46983
20017
15572
11870
14399
9671
29136
7762
16751
34853
12468
24783
49183
17032
35441
37492
29466
37037
19890
9193
21910
38903
16709
40065
7318
40096
34747
43611
41852
41682
37287
823
23892
38502
35573
30314
34959
692
43013
38441
39517
40501
7075
36815
2584
16498
5415
24640
25007
43792
29443
47080
34990
33443
49923
25016
30449
31935
36101
27990
35027
9013
39310
26617
6057
8951
7349
15934
32900
49301
34337
35078
10104
2846
48181
1788
11119
8719
1980
21964
33910
23266
8695
44288
35414
40816
3512
35964
3025
22878
1693
45899
8520
29366
18728
47353
6611
1537
34808
22242
41090
41020
14095
38538
10654
24585
1889
46176
21171
33156
7726
16747
33814
40472
17842
44911
23177
10731
18276
4679
45742
903
36960
38029
45961
18366
10892
7546
9941
21726
48057
33708
23526
46735
24260
16686
26010
6074
6299
5115
44746
6788
38435
22121
12501
35377
10051
43745
9822
40341
19784
34377
23949
34426
10237
38478
6439
24384
16364
48025
24649
45929
28037
33562
3795
9583
3824
49443
8981
48208
778
18497
49810
15700
17513
44556
33483
44434
31782
8038
43928
7535
5742
6496
42331
10525
20581
32059
2730
10674
43115
42015
28483
36332
18339
19444
961
29679
40768
2592
36436
8198
43918
8462
18224
26119
26817
22325
49998
41338
34550
31358
7045
5678
18842
35893
6434
37138
9800
19020
15908
31026
4651
14273
18380
6971
25005
24010
17890
41703
13841
23758
13082
45026
21791
23945
36813
43370
49778
11955
42817
19736
1205
23199
6280
20339
40195
43530
47031
4591
12449
39160
37899
15237
41137
48754
48528
21282
29128
33895
80
29060
11300
30860
20301
11285
40794
21168
18139
30489
39277
36591
28869
30929
35877
12228
29326
34384
18772
31644
13711
33237
1679
43600
25869
26378
45754
461
17390
46545
45991
27473
25395
37450
23707
40522
49237
43695
7891
28068
47774
42062
45155
42883
25691
5151
30590
43986
26050
12383
9648
42622
277
39896
25337
48217
27711
25968
20506
1970
19290
44152
26213
19572
46974
37687
12182
21373
24634
38685
19780
27944
36056
4279
22032
34070
45492
22029
21959
728
18704
1039
21836
48188
19894
38743
26583
14704
18825
44180
11856
27902
17093
19568
4689
13853
11530
40417
48511
5849
26312
46130
16868
29935
47621
5342
7947
32625
11628
3415
41899
46793
4717
46192
14500
28320
11820
8345
24382
22053
663
34193
4485
40412
25172
44519
16339
29599
1056
36974
38144
3049
32831
12727
20374
43441
23273
25835
37337
44413
49447
31758
3683
25696
17997
2613
19409
22054
4910
29253
10727
39246
8801
14490
32077
194
33106
56
27394
1464
11864
2385
6321
2273
28273
40818
46096
26796
1677
44934
23546
20882
26506
31496
2261
20873
38709
37713
45369
40974
30087
17688
18648
36577
46550
4304
43306
1404
33780
10385
2103
30273
25867
39668
23296
27083
9273
13399
19022
15756
5959
42963
47756
36895
493
20562
16782
49156
30176
41081
32290
34719
37709
7283
11
5237
11286
21058
40581
34373
16027
4661
32231
11555
37939
30782
28026
22665
33931
20540
4763
12781
16914
38932
3850
28492
49405
42483
6317
30699
35100
11141
39356
27839
45086
29263
21332
12955
19363
2940
14093
23657
7897
48396
2864
5230
7605
10947
42720
3672
47239
35737
43667
38887
38597
3964
33719
45721
38834
31821
6721
26335
16281
810
46745
39919
42233
39718
28427
465
11736
1310
6300
44549
32119
3159
7639
40466
35040
43256
39073
35996
46766
21011
5003
25376
42206
38147
14121
7992
40285
21261
32781
4370
18078
16997
47992
32412
18627
42246
38641
31723
15563
4975
5492
7463
9943
35495
25693
6419
10403
49586
40742
45043
21732
12171
45406
3241
6988
7337
37103
42806
35627
23045
42505
40909
10896
10512
29564
2345
21768
2605
41416
37951
18937
39911
30615
46459
6466
25488
18446
34012
14310
41089
7401
2651
2645
48138
16608
20487
45309
24955
24985
22738
42591
28873
33848
19886
12520
47307
49203
33128
43407
9981
22554
14910
38617
4253
41521
38900
3370
29941
40843
20369
26431
14560
34368
10049
37137
34283
45002
31915
39298
36645
20760
2219
5637
44216
47585
49409
24975
34896
19587
34099
46934
39092
35483
40144
9651
47944
37336
10714
43241
30955
29152
40306
10921
40758
41442
36351
45652
47053
4134
19740
31646
22245
9990
21976
47780
26360
29063
8382
23017
29014
36598
7152
1445
2081
30458
10119
27389
33521
17401
4329
16099
42537
39141
49322
42293
32299
9571
32147
29575
43108
26823
28336
16708
27892
25640
13779
3919
44165
36021
10976
36616
11900
5846
48488
1459
49507
15994
37309
34107
38563
17321
22715
38305
28663
25873
25797
40656
40555
16660
42056
6289
33154
43092
45836
11947
36180
46333
21479
36140
9122
24232
4016
27440
19234
47345
38221
44291
24793
40010
48054
12452
27783
5952
10426
44606
31055
7881
37822
40352
816
24501
11619
16534
30170
5467
21164
4960
15517
43798
44341
26953
12243
34871
13653
7142
18926
35590
12456
26436
24041
31049
20038
8608
36231
44476
6032
6346
46344
47651
34302
13061
4697
32812
33355
18886
45763
41941
24065
34055
27457
811
22148
21549
21638
1041
19619
11879
21547
27434
8511
17028
45878
34476
29156
38329
44432
24863
25468
38947
17680
6821
3894
9681
30527
38663
43678
49182
20559
5303
46276
28935
29794
256
11352
31713
48943
19316
17335
17529
14638
46375
7141
33497
19535
37710
892
29255
15344
3400
27179
31694
11960
40998
17282
27779
23608
5276
13030
4746
32651
39085
37375
32686
182
5016
31670
37181
6241
35998
8821
3548
30912
39507
14204
33349
30048
14102
10655
18097
35064
34571
26517
1143
2804
3311
2060
5213
41905
44689
21346
47065
37742
2427
39449
8308
16624
41988
45329
7064
12144
29034
29625
35951
28283
31395
14099
46351
26705
32966
18786
20470
28161
29692
19440
16547
27222
46018
14724
20805
26353
31305
17767
31514
39614
41537
30702
7480
39927
27625
33640
34389
15029
26683
19215
12812
13272
11639
34072
36864
35920
45153
34067
28401
41005
41531
23906
27022
29577
5820
30538
18946
32253
29733
36318
27368
43042
25874
43790
26394
35914
16976
8212
7807
11073
36668
19313
7294
49566
9370
41099
9664
40246
37692
28790
34244
12198
26762
11297
1718
14616
11748
27015
40705
36110
28369
46629
30089
47064
47070
14649
39499
2318
7787
27580
9084
44460
4139
49794
22814
21934
36814
15022
3458
2951
10201
18885
44571
4765
11387
29131
39721
27774
578
20728
15203
43730
29328
26594
8192
3778
47160
47575
13111
13031
25622
22205
6663
34186
38840
7784
42764
29340
10093
44995
12567
16462
34633
6146
10282
1060
12441
21677
29245
906
40753
7319
30471
42645
27453
46452
48414
39527
32377
16078
39554
26266
32443
23936
44017
10319
49499
29183
29862
28159
32803
35617
20415
16720
31592
28504
33584
24707
35812
29393
13279
23686
17630
7755
43476
18017
18511
22149
10501
16587
25352
38961
25019
18359
27188
41344
25372
31561
8049
9120
32497
35180
6305
14151
36623
11158
15469
48293
42384
9703
38891
15718
33064
16192
21627
44824
42084
42339
32483
42531
32396
16359
30008
24385
22681
35638
35748
45822
11760
37188
12980
6675
14456
972
29389
10807
14761
41689
44777
15164
26486
21387
35491
36886
32989
11531
13199
8622
49511
44020
16217
34498
43240
4877
12469
2513
10091
42022
39348
16813
4532
13863
31641
299
8674
7001
1333
44708
13471
22992
27496
9654
45451
23879
8909
21394
5989
1824
33546
4177
10514
20659
12638
35412
28791
26650
9662
21092
35325
17500
28030
32617
10752
1779
5088
49946
11256
39828
15193
21264
16655
37409
34227
12775
9088
12361
31020
25064
45791
23305
45275
29730
1227
36479
49309
16577
2456
38922
20651
3663
33629
44178
35865
22189
7094
44604
31456
28981
44169
17813
30055
26877
39054
24265
23312
11637
24011
38107
4798
877
43131
26938
36042
37291
29122
47246
23988
43733
1458
36621
47207
44032
46524
29522
11467
47282
46213
11346
11884
29936
20448
47465
7127
567
24201
1875
10359
40292
10793
22392
38443
27955
6278
27653
19745
31359
48605
25122
42074
417
39939
27207
36265
11652
18577
29478
32149
33563
14920
39308
12899
10817
34819
22248
10174
1049
36937
45319
24243
49772
35291
2570
8694
36299
42239
29855
42880
38071
47803
49995
35125
23924
43709
43680
34614
24224
33058
14248
29268
29275
22273
23752
8796
27697
598
8083
5292
38974
41004
25412
18762
5017
17783
3104
1823
439
27417
10434
43080
6953
17162
19373
4339
15334
38550
5738
1010
31777
12614
25828
11768
5893
20821
40862
18272
35357
25667
8876
45154
25903
30820
8953
2341
11853
5042
48736
35801
6376
20542
16469
15988
12934
47474
782
13195
41260
12872
36172
44359
3316
47359
33387
47985
36634
41077
8459
18931
47391
9116
7497
35300
38048
27674
16223
18032
5397
43369
45404
27658
23094
46822
29147
18528
35958
40072
34403
40713
11495
32681
37066
956
7837
44173
41227
39572
11401
27415
18823
36046
43335
32847
7250
38415
13109
39702
21156
2776
25902
25174
24885
19250
34243
3209
20082
32314
26777
31920
19787
46645
12959
312
30811
14892
34753
3988
3191
26307
22329
19175
47662
10719
49707
46765
40811
21956
18541
30624
36141
49466
26540
8942
2131
3728
21214
36832
38134
16029
6006
37556
14283
40410
29720
18474
44297
43575
47539
6767
14335
22087
13411
17839
12335
31263
44088
10245
46430
22275
43023
20382
28970
36129
47019
17628
20579
41871
21858
48685
42545
14588
7737
12401
1901
6132
1669
32730
41748
31685
13040
2363
37718
42100
24173
27834
36491
42390
9954
43618
7917
24153
14108
15917
733
22979
25283
4017
44989
48133
3838
33786
47496
35611
7772
32556
19947
6983
19723
14014
35151
2022
29957
17544
6681
7953
29877
7799
10028
49567
36281
5781
31710
2019
47217
35228
33678
745
14507
40531
45345
42315
31785
1822
31312
32174
22460
41833
16467
24846
11721
44885
9945
45436
28002
24360
36126
1148
18384
26261
19139
38867
12411
38879
25816
48633
616
18951
20705
29448
36134
19331
15637
10257
45150
15492
33395
25914
15761
8586
6213
2018
41378
30445
33161
41487
5383
7827
31726
23849
47012
48136
24677
38861
16958
33501
1125
10530
12644
25638
42615
20063
25213
5022
5259
6733
31927
22606
33687
34376
6626
19341
34939
20400
28939
1680
32263
1197
16301
42522
39143
2447
27269
8364
30322
44171
32742
32984
20595
1743
35411
48253
9065
45431
36537
32152
33032
855
37015
12929
15536
7209
43666
12235
26500
37621
17436
28149
13819
31160
40537
40463
11445
30357
16962
14078
41350
6617
22707
22909
31926
17498
35770
41469
1184
31774
27982
43429
27062
732
22995
14118
5355
39714
13950
16733
35539
7211
48854
23019
22064
21205
30940
19971
26956
22399
39558
12464
46271
100
33753
16508
9572
31108
39110
27391
9827
38655
15699
10602
30142
10370
3828
37765
26480
39339
35538
3626
40774
3810
8458
6648
48017
40201
11523
3064
4871
21080
47806
1157
244
31033
38493
21533
3836
43188
22961
48484
48510
21833
23973
579
9754
19855
7366
12004
32042
26134
38230
28925
41457
25032
48227
8118
5634
42889
23876
47319
16012
13852
4733
30878
24171
7720
19423
40117
8556
20142
22115
39756
8315
38822
4527
8239
6090
14210
23147
46137
25229
47530
5633
46677
22648
38543
17414
10390
35944
27009
36870
30922
33452
38165
19644
48958
22116
2842
5812
32350
24586
16979
21056
14034
1361
17946
31680
35633
2979
34804
3609
32735
5357
5845
44600
42551
1400
27035
39752
19700
13014
12242
27121
41551
6154
42166
35654
43576
16842
11627
9529
26661
1828
23153
38817
39315
45052
9283
1908
25992
39725
18226
20866
25169
40164
23856
4612
31712
21512
49876
43186
24624
48714
34280
34813
28183
40534
5721
31062
93
10443
44578
17822
8665
49964
18882
42436
9494
40118
39078
20044
37758
16882
33793
32474
9275
28594
46079
15332
4127
41619
24506
3597
32026
39937
40311
15764
45594
37839
34980
44922
41664
27171
37101
19411
5677
36811
30988
32033
31547
30514
31153
36103
32459
47696
11306
36996
38717
24122
30559
18524
23467
32675
4683
30090
22594
46565
29676
31276
36550
2328
37456
13400
34093
16172
16007
15672
47148
15494
18888
32311
3113
27347
9237
39355
402
8808
22170
9980
32609
36911
39450
7870
42922
10166
12970
25478
9053
39781
28750
45522
48020
36749
42167
6324
41406
13363
38488
757
23033
25836
40011
42937
28653
25782
42087
26745
40099
21096
48939
7918
27797
49233
18568
19390
41616
23458
31327
48367
40601
11381
39662
25001
2912
2407
29815
41045
2380
33377
8714
35747
17789
4214
681
30482
44879
32655
15951
25430
45399
21443
17931
7156
9093
10034
3770
32830
48972
49922
18459
13573
30947
24338
19558
25573
49647
49491
43754
24180
3360
14344
19760
19805
45876
41109
27280
2172
34934
36566
35530
5431
3830
24090
41351
44059
40489
8231
14182
43714
2054
18792
14809
13387
27805
42465
216
18120
13627
23046
5617
37384
44300
41034
32545
45909
24383
2498
24848
36816
33734
30284
2839
19613
28804
48653
31874
11954
28174
42583
2217
24761
20535
1826
24790
41231
34624
42850
34982
17319
6573
40127
1265
22088
48033
40039
18220
2279
4419
46440
15472
26216
16117
6036
16846
46363
7267
26546
2229
5590
9666
9300
7326
14965
335
42628
30587
10376
25382
32734
40183
44537
1135
31585
25339
28509
48934
3221
40203
10577
12992
44203
31017
32629
28097
14035
45989
22662
17068
29790
42285
37131
26124
14079
7836
19259
1040
31363
13007
3735
1646
15519
25559
32116
29541
45567
1641
6402
10864
18697
5385
43375
632
1254
45803
1390
44653
12866
21440
42568
38002
35861
30673
15897
43853
18631
1229
10721
12324
40013
31087
36115
28601
16673
38751
16075
25145
47216
1896
44243
7909
16154
2323
1479
965
46263
42968
43449
43882
20324
4478
43289
33578
45943
32814
16841
14758
4553
36952
37497
14426
11540
6261
38466
48162
4244
35872
34416
1576
694
31631
32236
49273
16837
16776
42099
8390
41980
6944
20131
30109
31660
17844
7010
9531
17787
33331
33959
26439
43685
18994
48187
38780
42510
44436
13956
5949
8726
43477
21977
16778
36762
34176
32375
8967
705
22941
18592
41578
27435
28822
29631
45185
372
38799
29534
3999
3741
48275
30222
1740
28604
4262
43383
36496
20918
6129
44510
5147
46069
2673
31209
32150
46508
17509
13452
14381
41716
29736
48745
45872
23878
41069
10522
34033
8439
18458
17718
29753
21371
17475
25597
6018
48447
48211
3531
38160
1198
15096
3759
27695
27310
10483
13791
27768
4935
46429
25262
36642
43710
26327
44609
35789
32815
8638
13220
14387
45249
18364
33636
38571
7778
48857
30066
8685
18572
14291
28721
44261
7964
959
30366
41559
39469
2197
40784
24892
28801
11575
22193
41985
35670
38436
16346
25553
11621
2218
8818
38331
35960
21786
36043
31932
21469
14931
624
6610
7537
47407
19315
35420
24276
27250
15380
45773
2048
6149
42648
31135
39215
1116
49631
21492
29243
24960
644
39269
30358
17042
43216
186
13302
43062
34303
25980
20602
16898
41167
31382
33567
1451
38280
4432
4095
8834
47470
29287
17754
7487
5516
30265
31051
46926
12483
4491
14379
9637
37264
2685
32275
20808
8824
4555
15009
43093
25370
9446
48196
34119
26026
34613
18948
39482
28818
31661
20502
24699
17484
25726
31212
45647
22213
44554
28288
44309
1806
43411
33129
11303
3101
47149
11603
33837
44061
1295
40874
13177
17551
28228
7447
3571
22705
3248
28293
65
28407
29343
37172
18525
294
33631
5947
29051
29896
25791
1772
31319
3617
3977
28341
3114
17516
23283
35041
46290
45237
15156
48483
39227
44184
41561
17346
38876
25267
46123
37417
44031
28454
30696
4062
9048
49230
1217
35927
28021
39088
28403
45259
12415
23916
15785
3444
35296
30426
47581
45036
25556
12667
17324
12551
13723
47020
33697
17639
28355
18030
46146
5031
16629
48923
22480
7453
38127
14410
33293
44729
12325
25303
30621
39334
39302
26633
49444
1505
39934
32622
24655
48708
20946
9484
15926
42657
9734
14473
43867
47956
20418
14516
34567
45025
28170
22890
32096
7830
36722
8291
2963
23097
29968
8802
39296
31760
33560
42640
40520
47602
18041
37299
31703
26310
23384
6461
17055
37562
28951
4226
49914
37530
9655
31678
31697
34651
22496
17638
49615
47596
22073
45903
29222
47768
36035
2274
39825
18512
17358
26609
46219
30794
29211
21960
25234
35680
35905
37873
26819
5980
39371
49341
12942
10736
19680
31291
4590
36573
4303
10657
24526
25123
10109
47150
8686
36972
43554
43498
18869
3983
7430
1932
1732
10780
1340
41323
47576
21363
28844
11537
32097
7412
38951
37058
4146
21832
25695
30249
42355
35380
19742
3625
43892
32214
17517
43606
38271
48460
7190
33644
38325
3518
6969
19809
14445
10690
37114
49920
31604
33403
38423
12375
2998
8733
15907
12867
49556
33350
25805
35112
33827
35690
18778
23962
39069
45105
46639
43528
21911
48349
23407
33998
30853
9285
3912
217
43596
17461
24038
32860
14987
2961
39538
20933
49629
20069
29144
23048
29244
33235
40827
39541
37904
31047
24458
35512
19427
6373
46862
41072
14498
21727
33386
4221
19267
9559
9718
38956
41528
40493
2809
6735
44668
48781
29863
47425
28928
38695
47430
15864
20491
23323
47870
25634
30499
44793
28109
23090
17396
18932
13631
8536
47711
19536
8612
14702
25685
42406
46527
48004
6882
30360
16396
14286
44438
10197
9826
23081
15580
47235
41595
44835
3313
11207
5649
45654
21072
16161
30770
25498
42365
20385
40022
18969
25263
8788
21500
26126
31268
45659
33214
48114
11607
940
44337
12218
19600
27024
13128
33407
40740
898
16680
26902
5723
40739
410
44935
30196
21442
33604
40680
30845
26167
46039
20777
14845
9953
24966
43279
48921
22043
6532
49959
17918
41455
7571
152
18349
2711
35563
31030
16784
38651
11115
15412
5920
28782
27638
26465
49759
28756
38472
38442
48469
19913
13934
19002
35198
39708
10163
36484
29658
32703
12329
975
13914
21142
3760
45418
9409
364
46292
20712
49909
47908
25325
26348
35460
1005
41779
45413
49034
45051
28087
23632
3440
33030
23653
49415
35632
10617
40216
30064
49690
10373
36327
19770
30232
35091
14412
28485
36871
15958
21434
45348
25901
43946
36002
3620
35338
38916
18740
5569
12966
19395
10294
34275
41625
34617
4609
34052
25159
42824
28745
48302
2110
20536
43748
36779
33880
36685
42439
23699
19482
46387
7048
45494
746
37772
37979
47381
9917
16527
980
13142
37997
35555
22355
21871
20106
10849
26001
4181
48654
8397
4684
37491
33862
15279
30280
36482
45392
48466
27032
23872
45279
43676
7757
23800
15378
41179
37333
27287
8112
10435
39118
35492
48173
9463
47136
2
28108
40979
43514
20499
14515
31653
25424
12613
28575
18609
14891
32982
49924
6315
12779
47675
5214
22199
5152
15113
47197
42395
23698
28208
2812
16551
21053
8218
34155
31507
2083
11403
14355
1808
21689
46615
42251
29791
1476
11080
32733
23573
1795
23304
8635
17986
18664
5267
2536
14886
23387
2301
40637
4954
15853
2446
43771
4531
3726
42910
21203
21248
47953
33977
22449
44235
27581
10856
18150
4086
15942
27680
25224
11846
41075
16386
24950
23704
35037
23290
44940
28861
29892
4696
36194
43643
31356
18312
16132
31666
34062
35691
8262
32754
5440
35558
35785
33250
44227
35494
49278
29671
15799
27371
13909
42204
35517
33352
35354
10993
30789
25038
8829
31647
38461
26997
31544
3534
13029
36080
15458
26794
9630
27862
18956
46595
15900
30150
16609
9383
6926
23473
27433
41050
4057
41732
22582
8305
19422
35042
40546
23100
9033
1233
8224
25113
49054
3146
27777
39372
38405
46551
3435
40965
41687
3635
29783
42686
41806
9489
33632
27965
16902
20745
10127
19213
19225
41474
41316
10505
39990
1379
5363
39629
5756
20511
39742
30945
45820
29180
7906
44267
32007
21246
8787
39618
10332
1436
1642
9838
29934
11361
8588
40671
49684
44202
31767
2027
2794
4097
31311
17651
20373
14656
7611
8800
16238
22644
7989
23559
44468
17446
27579
46732
44362
40263
38035
2795
10624
3907
28235
24530
6896
28806
44811
873
29674
12900
28496
41281
30513
47273
27491
15
7796
130
252
38676
42069
18507
37578
38640
45168
20208
36068
33926
44533
48977
24745
23640
48931
2183
5791
12610
262
38649
21808
32206
30392
2897
24639
11382
4256
40855
30914
41477
27191
34757
31739
16360
39743
1550
40393
25646
29893
40517
3274
28557
40902
38356
34612
17417
44154
37475
6488
5864
37748
19772
48994
7801
48902
11369
47623
16140
25981
42362
8475
37691
2905
47119
30238
27092
13446
49369
49600
24838
34843
12210
48630
14836
41583
35974
22132
40126
36130
1408
34289
30383
49319
8807
4722
28248
45640
41086
35270
31338
35652
17819
31755
28636
26564
3729
48580
35810
8162
20549
47094
6768
6170
37427
41204
29627
18305
37673
12751
32713
23058
19189
45421
9098
30985
27899
18410
24447
13001
4325
46199
47857
17123
944
9983
45393
38050
14890
18828
24633
15827
30235
1963
23989
27238
5496
16878
11514
21365
19916
42092
32502
2484
30754
7578
37415
3220
29969
17325
33435
24644
45592
36087
30444
19
45379
27450
14320
3321
29324
9373
39526
9903
849
35916
37576
19854
9977
1967
4788
25009
17972
43923
10692
39970
26293
38957
5435
6227
40221
10439
39325
44452
46378
43837
4970
3242
35887
10629
28545
49463
14461
46485
10492
25779
31405
44856
13612
18965
21497
25349
35302
46980
25083
10059
46153
46167
48999
38333
8862
32663
19258
12080
20316
26993
30638
26051
19768
22947
6492
17306
49781
44240
38277
23425
36527
27682
24900
32407
16219
16656
14153
29359
7806
36742
21323
12962
28677
26415
29177
15369
45827
31231
19712
38296
40243
48461
44813
48018
42488
36515
34801
41030
38921
2583
31065
16466
22642
49504
13175
33038
25210
3141
5767
40917
38547
1977
21746
13569
1709
18405
29418
28689
19799
7153
40049
4619
20844
17845
43659
13492
45112
15042
2257
15739
33764
21471
37035
4048
21297
5150
34251
46362
14285
31246
12463
47655
39658
28879
15459
22348
7589
23214
30783
5766
26430
12326
4996
38503
46596
34063
28188
5139
23482
17330
35982
1667
16814
21327
1003
37014
19609
33110
44375
25808
28771
16254
5261
29261
10932
14448
44778
5428
6620
20619
28501
43727
6903
9510
20517
28794
45510
36389
13378
27686
39931
10121
14094
7896
4580
44913
34771
48384
19445
6554
23751
40171
11308
37824
44384
18376
18060
34863
13384
31872
45082
34482
31634
19477
38577
43499
14295
45110
45441
27941
29988
47443
28119
38449
3336
11666
9051
33005
26927
30508
18761
41977
41439
5351
49032
26620
26063
35979
43927
32165
10882
20114
41637
31737
47392
46554
20642
49224
24845
1196
16804
47642
21243
19934
43647
34391
34317
44551
34161
27968
16724
10206
42752
6727
45717
43490
28612
46322
12990
14524
30185
29559
14038
21528
4354
41026
1838
16910
48812
17036
2324
9231
16026
48763
6011
12927
48518
49973
13960
14506
24474
16310
20407
47072
39171
32528
10934
46915
13658
5833
24362
40634
42728
19061
25377
47328
46544
37667
5635
10232
6212
2073
31142
47482
3593
14569
5049
18329
37632
27154
5783
49485
2632
47600
1080
14143
30487
30585
6865
20999
15098
12695
13731
31803
14608
43041
40470
41547
10061
14172
23079
8087
46336
23109
8040
31092
43134
17892
40614
5420
46637
41330
11840
33828
47906
39170
39641
41524
23781
22614
8412
16647
48682
41727
30742
23393
22850
32640
11848
25675
8932
28751
23586
39562
3446
32623
4889
49622
17586
33861
25418
296
8164
16872
39477
38984
20608
36637
20034
13221
12346
19493
18362
38231
18245
42739
28271
31936
37542
23661
21921
17855
49664
38368
38264
37075
13394
46869
48971
35067
37733
41639
39822
11160
34733
21244
15402
9030
302
8865
10110
38265
39967
39637
27851
38515
2100
34974
20753
43770
31855
34564
23963
31518
47049
36958
32616
1324
4324
34517
43215
22459
39181
15549
25056
39328
30671
6837
39733
23838
38568
8175
48582
10769
5525
46185
21292
28311
45254
13417
28169
22084
12344
28040
25165
20527
35548
2626
10321
18848
11851
46807
40275
6893
9445
5561
47445
30897
31590
24035
47158
8963
33515
31577
30801
42466
6217
33951
13720
28578
42088
3804
46265
46284
12830
45315
41759
20845
22944
13917
14605
5714
8400
34965
7826
36088
20149
9319
28704
28059
31991
23503
24296
39194
33242
1713
17733
24479
4218
16091
31117
45582
31237
38279
13718
19275
48062
43049
12595
1741
12692
42068
6516
503
16435
13922
38454
39518
3545
37645
43297
17957
44092
26763
36067
49900
14465
16414
43270
16093
10611
41928
30982
35474
48680
14736
49719
19021
29161
30595
18847
32161
46757
9498
35323
29589
894
15353
32353
10018
33690
22308
11835
5674
24883
42669
33883
5792
16516
41128
23084
4870
37780
12164
46633
10740
40819
30326
32401
47714
1513
41870
46196
15480
40962
11887
30667
444
20197
38309
2625
3245
13395
43024
9148
46722
8912
38359
38059
777
30575
19632
41407
35588
16411
7541
16450
33927
38905
18263
16227
20066
21275
42059
48569
1619
10564
49591
41228
32135
6100
27539
36358
19830
26022
40936
24579
2092
30155
23829
18608
8084
9181
9196
30944
21522
12265
16341
30181
33233
13801
30642
47666
8156
28276
11448
27414
4900
21308
46413
22135
14155
19451
40795
48108
26735
39719
31964
2373
29615
19358
6929
1297
12851
18520
15295
3468
28253
45719
13617
27994
32061
32092
19434
29795
48165
3389
26071
11469
14307
7427
37568
12183
27066
48041
48819
8487
33785
16968
18652
8867
26734
44927
45107
14763
42909
23419
46989
32653
33613
34348
26078
43629
22155
29608
19871
42570
10432
35313
818
38508
43804
19425
36417
5951
40481
30381
2151
22938
16229
43753
17941
18643
47459
46719
1256
41051
49226
4320
28347
41470
32668
29974
46553
24252
24114
29880
4264
46788
25112
25450
23819
20895
6954
34641
8831
4873
13827
29668
10191
37903
24291
46273
4446
13454
5654
18200
1868
26264
8093
40798
40175
29603
41182
20349
37230
37876
6972
24590
1415
20722
11441
25150
13167
1683
10139
1403
22626
48019
28278
9709
38595
17243
45925
38994
4222
26558
17622
13951
43261
16123
36433
21989
939
45879
41305
26808
34109
108
2755
44789
20613
1380
11665
48992
32173
10129
8724
34415
13940
38522
33297
6411
23851
43587
32458
15196
36285
4832
49318
13090
25949
40924
17264
16566
39245
13016
6292
38218
20952
38133
48942
4466
42867
26320
10803
38083
15914
9055
14833
12205
2987
15007
7303
30876
11487
16080
20923
24026
43789
689
45998
37981
11767
19531
11399
43191
48614
9388
42590
23371
9107
21265
32046
41401
40800
20890
23344
4405
3807
33970
33153
41331
19226
17122
1248
16137
30074
32440
42064
6089
48834
36065
46653
7980
16816
23000
46746
13255
37532
437
33150
952
10307
48088
34968
45819
46279
43473
9296
47610
16736
14874
49172
31050
440
15475
43345
7067
38093
14834
45646
37807
14503
42874
18071
32283
25282
15496
16187
49115
1707
9026
37277
19188
45826
3145
6856
24581
42879
25728
46023
47516
35285
4714
41937
31826
19496
7164
13729
6838
49433
19055
13931
35947
13296
20380
38675
32771
40951
10961
37245
26113
40209
30906
5746
44058
35895
43485
4319
4926
30254
41140
47165
11735
32578
14600
25877
49090
27242
31426
39174
49961
35624
11819
26524
10190
10626
37311
36989
13690
40101
5337
48094
17221
986
41192
46258
5986
28014
21460
12887
22549
8589
6326
40086
24564
47132
27338
31023
25500
48952
31125
9557
49210
39586
24651
24930
41362
30788
33227
13063
22574
16206
47862
7234
16828
12058
33236
4381
3074
42048
48362
41193
13641
27297
31453
37121
27700
4080
951
47232
19682
41820
2556
42215
7644
43350
23474
13899
39760
45097
39231
17664
21623
3899
1507
5047
49585
44083
18602
18280
12074
27060
24304
15695
30859
9617
36548
33654
24118
19154
29311
9115
27746
33124
38633
7448
16528
5241
42634
40589
47498
3137
18169
32125
13602
43075
10020
7065
18653
19557
24861
35360
33622
47785
31667
32586
13134
22615
18237
31173
32987
30832
22352
30395
36936
24741
32672
15364
45682
42964
11216
3862
40264
22694
21105
37944
11554
22956
18586
31549
27936
39540
47569
23830
44873
46654
23702
43212
1352
37779
28361
2494
7878
723
5832
12904
25947
11152
35534
37504
9345
7756
18173
20058
47463
31836
42401
20016
11460
48254
48991
5659
28678
4987
6851
35791
49396
25569
47334
7819
16323
44750
45553
38992
39664
15375
46083
22425
15406
26669
22948
29832
38802
48823
38344
7352
31802
39738
33591
14551
1519
33473
47737
16053
3405
30814
36164
24877
33239
28952
1397
45751
43205
39588
31599
36760
41969
27168
15389
38710
28155
11751
1350
5970
5073
22411
8384
17045
18968
1329
10409
23037
19385
4742
43394
37825
1984
40956
24425
25368
5302
28724
5404
595
44134
16993
41206
45172
8174
43059
13375
30309
13766
49714
15902
2049
6825
9744
24394
25399
1877
44311
2223
43706
48777
36238
47689
21902
11316
20146
21585
38748
103
36182
36026
39057
36439
16430
43560
34527
12279
15313
48617
1729
39203
4119
35174
36526
9603
19984
22733
11914
9984
29194
6638
49824
12388
47009
11924
30821
26349
911
2461
45639
45852
28281
17567
49801
11447
19285
5535
23319
4811
16335
32990
34309
41553
31498
46982
27490
21451
33175
15676
28947
23008
48501
14980
27010
32644
6889
7754
39678
677
5026
1337
22563
2612
40510
14164
26115
27441
45447
46774
35168
7052
11099
47518
19399
42008
16260
45390
11539
29375
43314
39105
11320
27086
9405
28326
22921
42665
48919
14811
45448
23553
37603
2016
37396
44130
38497
12801
9660
45815
24666
24212
49559
36980
9137
12532
45258
7609
41587
21534
2889
39402
12719
4442
42210
45530
22828
17745
21159
47192
22219
45855
7495
35754
20399
23827
12594
35948
29518
24509
34915
1812
10755
21151
15529
31929
7402
18606
2394
29590
34931
29006
11584
13330
24938
13872
3737
9601
43217
46370
49839
14635
30372
30160
24461
43193
25618
14789
6049
38728
39120
29891
44725
40050
9354
42371
13535
8297
43535
48687
24039
42791
21509
25884
32390
30216
36687
37466
21900
13185
46178
49908
43866
18219
32223
39068
4199
6948
4894
1373
19294
17697
42727
9855
43177
42929
48693
37602
47007
15257
35739
47276
45775
37829
42816
42260
46652
36394
14856
31141
3689
37173
42742
3224
8103
24007
30574
11587
29722
17044
46599
32471
21853
1261
48313
44590
18895
38744
10583
49363
16378
14945
43154
1114
47543
22929
5314
39895
26033
20546
36689
33653
48240
13820
25515
49672
34697
25463
26254
23720
20352
845
42585
24235
12647
17827
5689
13512
20024
35231
43761
46448
10013
20666
42642
43387
6714
37355
147
2212
42726
24335
2567
27204
48059
8759
41154
11515
42712
4189
9985
40097
10414
38040
46691
21354
41728
32720
39547
918
2986
34301
17342
45072
44192
691
11691
21093
7696
14640
4931
34514
45748
39237
12543
37263
16308
23282
21491
23315
35024
30515
26619
10549
37460
7667
10000
1597
618
12348
30201
4635
31349
7015
43086
18298
40618
33909
41199
20037
15633
1447
9702
28308
42684
8415
19705
1543
34385
49092
9436
17329
20253
17939
42124
35866
13649
11187
28203
36765
6609
43991
6313
31942
30548
31856
15674
39017
17458
33488
22240
26771
32334
4908
3306
12295
39434
38180
7104
29761
20716
15326
31417
10678
36902
28933
38411
4844
17990
28151
49584
44768
11588
27281
7570
4884
34543
8856
1794
46194
34740
40982
24637
22244
42114
36015
14298
5038
48393
26157
17811
18836
14637
8509
33925
8431
11625
31627
36829
36095
1549
25952
16935
15052
31852
49138
43492
10992
19779
48791
2802
31310
34597
7240
49724
12189
38898
23955
40478
30408
40247
12332
37208
17643
26018
8713
48903
36010
31686
41914
23972
22795
24872
7166
456
40607
25023
16995
43693
37033
23890
22323
48053
29629
17089
30659
11071
48046
42515
11629
14191
47210
10529
6275
12752
11136
14328
10640
10486
27187
36016
16415
23376
3520
2959
12417
23181
21198
15452
5067
18132
17024
21286
8408
35622
27263
39
47521
43847
13443
33538
19172
42106
39220
37204
45142
39383
15924
3107
36178
12542
30050
43185
26036
42845
4946
10380
1244
7745
11229
12708
22982
22438
19841
34830
19579
25107
37652
42085
15780
28757
4822
38299
12188
28684
141
39100
20257
49703
348
6807
23635
35572
8135
29200
48744
12106
13506
13461
10555
20864
13724
13237
27575
43653
31808
9503
5899
18031
38658
8845
5996
27940
45465
22952
17667
43293
37572
39319
29888
38794
31668
37280
25074
25273
4331
563
41366
33519
31787
9401
23179
14553
17979
2246
21986
13012
29964
39112
27469
2164
46021
29493
10959
47822
46582
1384
26581
34691
47668
37814
3827
39016
41354
23286
16213
14672
29138
14831
31806
41120
30403
31229
15289
29394
39199
13119
49825
26142
4482
12233
49890
43620
22619
26731
1185
3154
12151
39595
26505
20842
2674
29700
460
10901
21941
22527
14824
39974
27192
10083
39683
42304
40248
32001
37756
18621
49721
35046
7329
38742
43713
40111
26928
22418
38422
51
34492
39479
27072
42338
13875
45996
535
23446
1111
25786
31147
3072
15028
37082
21360
40879
37214
43899
9850
23694
20544
36453
18583
18255
6947
3702
46409
32256
42589
7346
39002
41126
40756
23030
8510
29232
7839
33034
39965
24379
44724
48151
153
1992
3669
37403
25746
48166
24689
18184
28193
21612
16765
32015
4750
23836
14735
3640
23394
1544
45359
22888
24494
38374
48678
28852
43189
45444
19243
22923
32376
19135
38128
15211
2305
18288
24622
15652
30117
13647
16536
25608
42967
42906
24387
9384
24240
44219
47110
21119
45294
17675
39809
45211
25431
37284
18614
8742
3653
48340
49689
10713
49168
5409
38883
9293
42605
4215
28990
10504
2231
5691
43840
42748
9612
44517
15085
5874
37766
38060
1043
21029
8533
29856
27210
13790
33018
45321
28197
23437
42173
34081
49046
21488
24675
18385
45095
19488
46510
22394
37658
20042
32246
3017
15401
24540
13642
44677
18990
39983
47244
45786
85
44075
18938
26417
37898
304
41801
11863
30300
16045
42234
44201
39707
45944
30637
25353
4574
3421
7367
21611
14522
9478
34904
9602
33915
39763
45007
22118
7290
26329
254
21478
32462
49940
11358
21923
45235
41246
41564
31262
31334
39546
43414
44671
42758
44005
8320
19925
18414
49246
11117
14937
22964
14846
24736
38917
29887
11184
31145
37662
18775
31425
4150
36692
34881
38519
44441
40633
22409
49918
49297
38712
41096
13067
29221
19475
12728
21952
33013
23992
22826
24086
14400
45526
27402
12259
27988
48851
35926
44637
31175
36011
17944
5926
9645
49509
45890
44755
38985
45033
32490
43794
24607
14550
43287
21748
32701
31519
48014
26337
29723
41392
32487
28718
46609
44462
41850
24575
38065
18636
35045
15715
8370
18871
23003
33691
10590
30430
39765
10539
43427
44624
16480
38198
46324
9832
13802
48532
12251
13907
18734
34618
29641
12677
17136
16825
43048
28941
34540
10494
46004
8353
3461
15658
19273
43812
38808
26548
32864
8649
48723
36929
43834
19224
4713
2531
40859
25373
47796
5158
21947
44985
24404
25848
27766
28506
16521
25403
17550
11562
14358
33510
29265
13636
32874
32853
23570
7575
32899
31084
8117
37815
47757
28153
15829
44907
20714
35934
29157
24253
790
15512
15291
30102
39681
8134
14701
8081
32572
26052
49688
28836
7322
19684
10221
20033
24901
49214
22610
31064
34253
26681
16042
19104
24738
17298
45121
32537
49809
27254
8138
31196
37945
23828
37250
47876
11234
6635
20397
30750
38871
45889
40377
3331
25970
10782
43716
31909
2720
36385
26171
44693
18007
42982
49093
5378
48733
20896
3136
13415
8460
32285
45109
32019
7464
185
26185
45560
24310
23200
36557
4034
297
2886
33204
17451
41620
15240
37686
38756
22497
489
3680
15647
12145
2206
45200
7284
33833
49948
23375
46381
15949
38214
20935
12938
18382
41238
44388
37515
25629
1607
31199
6803
765
35154
28001
4377
18318
17678
39442
21433
4950
39804
44961
46190
37004
34026
28185
26366
33117
37067
39717
31512
48694
32470
47996
26154
35576
19943
28555
38778
23040
13118
31128
17443
18248
20387
44884
19881
49674
10571
31154
25690
43404
27728
22310
41363
18513
21718
8424
4365
874
2443
26477
44863
32006
45714
30532
41152
12736
33528
18222
30126
1336
13027
48507
30337
4632
9254
48660
5518
7700
41481
6589
15782
40223
10030
16569
26531
23247
15395
24820
2069
3624
43398
30071
48197
47078
9294
44446
524
18785
17465
5663
21709
32469
12209
31438
9074
32930
26501
41254
29354
32028
5809
10880
8381
6643
38447
2255
35942
43773
16856
31616
1678
13582
16018
34921
370
17096
11155
45425
594
22815
40095
35531
2150
38694
45396
26870
43964
33941
41157
35470
7835
32106
15377
3581
33427
28213
27165
24285
24620
45605
15424
48950
48322
12169
43628
23884
29903
41721
12589
22097
6746
47653
42988
24668
25560
42699
25476
11450
19007
46094
4853
9627
34432
1786
42097
1288
25586
29842
49696
17488
18259
36861
4595
2391
37286
22576
13275
30214
21969
31663
42327
40330
1170
14405
5408
29613
9663
11948
46628
14869
31326
42236
24751
7677
39875
12268
38913
36381
31865
13218
22965
3939
5841
41816
3786
2378
23285
30042
35978
37548
37454
36257
20005
30869
37647
1433
16171
21019
31373
21436
17231
485
46277
6039
15532
41213
3891
49174
10391
23009
41541
27320
4455
37571
32567
16020
6290
6890
31440
49856
38983
4999
33025
953
43365
16090
24610
868
32274
42082
42351
21416
49149
35282
1266
3050
4247
26140
30970
25920
6799
29444
19350
8880
41057
28652
18821
2845
42429
16666
14329
17722
38341
43752
32732
45368
15918
24484
17418
7545
35560
9279
27550
25697
28202
12503
37279
39581
3521
14725
36030
34569
45514
27927
7854
43122
30606
21982
1725
16002
27332
21651
22981
7471
27991
5475
47634
41876
44987
22675
17690
25288
23590
27116
33701
48711
17862
7841
768
2664
1348
37990
39060
26135
28298
45942
19763
48222
46728
26358
49820
35093
10168
21846
4260
18584
30730
43675
3420
45702
6786
44620
8901
10964
45912
14212
49986
2053
18747
29583
15819
12287
35232
15145
6963
26385
46946
43855
32535
31329
22866
49630
6248
21564
18439
37142
12996
23291
4018
1911
46528
17891
24170
4831
27258
25945
21985
18213
13846
33280
4423
38086
19082
21178
2505
33133
20980
32630
18022
16850
36659
48291
43583
42668
34007
32660
25048
42932
46665
34162
20260
12345
6694
44662
37609
6585
19767
41100
31133
28688
47293
5248
48737
46301
40356
34741
19850
23799
22461
38016
26068
5262
6683
29046
16144
46733
43885
26459
48476
33371
48579
39488
14919
44936
27864
17284
14652
10357
6407
21030
11014
8573
5120
23561
15108
48087
292
29547
1833
8875
18479
8269
48106
29167
28130
17322
18178
22122
21874
38387
46817
49188
26296
17661
9716
34963
32369
13161
4799
44790
44
45671
30101
1446
29223
29592
8423
3530
26150
29914
40193
48604
25637
46852
13865
9657
16652
17883
19270
39256
41699
39317
8344
6762
11239
5100
14303
26041
982
2204
21467
12922
15194
8677
3784
32240
5443
23680
29510
17343
49953
41473
35436
20439
7983
5786
45273
47444
1035
45401
2516
17928
27714
31850
5772
43100
32089
40485
9
14241
45907
40159
48338
17370
44716
12675
28920
2457
22936
16270
48584
32308
42188
37468
20289
22837
41234
34179
23943
2242
23621
25849
48922
8904
9284
40498
6973
34074
45897
7328
17589
10371
18301
46446
4476
10386
22540
30524
18739
38888
11149
39004
12827
47775
11030
7642
35356
47390
40176
2395
39077
47702
20533
33134
21484
26441
25164
37724
23240
29973
47264
15997
19735
42947
37701
42286
37198
27114
3335
21251
27733
42095
42335
23162
48982
40495
28069
30808
41598
16829
42370
10846
12340
31586
10946
30668
23102
25770
19466
22331
19025
34473
28639
19504
20354
45297
5992
14685
313
36472
29137
27881
27673
39180
20611
4042
1300
13298
12690
32016
5089
38646
14073
44170
31168
16482
25519
5184
14056
31468
8921
27696
38202
11284
8409
39739
4936
44142
34716
2663
15680
29451
32031
40160
24140
17837
22091
19393
30346
15086
23366
10100
38682
37024
1009
16693
33738
47247
38930
41832
23257
4663
15706
40840
17313
41175
6017
19963
20472
30568
17987
30866
46405
27012
11684
33663
26830
19136
28944
19897
29528
47938
34824
15509
43845
13289
970
21767
3267
27226
12353
46631
33932
9569
9172
29873
48707
19513
24728
3570
49339
7297
3989
3970
44350
49993
42572
27270
40694
40893
14180
35290
43085
35726
35625
42226
40413
43147
28190
34323
39223
12742
3578
30272
2153
40918
8750
2281
5994
22907
17797
32010
49516
39222
7888
15444
4671
19158
31369
47379
16582
20163
37900
15076
49660
37885
26824
44500
27014
29125
4839
19443
37851
8189
37518
16797
40308
27570
5325
27190
5271
28457
29395
5966
44648
23668
45831
30923
21739
14513
47555
12290
3615
7019
47310
11511
3660
33307
23683
19325
6483
32304
16992
37880
28392
4781
48388
10377
21817
993
25115
39166
49037
48103
44471
25549
18135
15047
38895
15814
3232
17060
33866
8478
7021
25732
7910
44003
42618
29341
2561
5875
33258
15030
43430
26282
41516
40237
10266
42345
29634
12434
4879
6328
16479
9747
11778
32674
14674
46238
1301
22698
47403
35910
48082
15743
19086
1715
21490
39655
42751
31843
30626
16280
14111
30557
40035
28025
4784
31674
36237
48265
38681
5444
16741
19327
14745
24277
4715
2910
43358
13620
26519
10603
25888
1168
41346
31902
42676
29365
36611
29476
9892
44749
10309
20466
6228
9519
48846
47147
14673
43586
30159
15681
33388
45267
30775
26488
30551
2239
47916
44918
5029
1574
9737
6088
29727
26217
40897
14603
23428
10455
12204
5711
15916
27771
10427
10397
45047
26460
49403
45841
32920
2939
23235
23826
29056
36905
28031
35732
32964
3163
47609
8836
651
16767
37402
48595
20398
6379
29870
31815
7465
3277
49110
31445
16382
49178
7312
49001
36817
18067
23914
2450
20019
16383
45939
34124
26096
36072
24661
22363
17865
7893
49862
23136
39749
40875
43760
6403
27859
43878
12701
46262
9025
20345
41376
12072
8129
45152
9360
15628
1477
31972
19035
37431
10395
1284
37096
32689
21931
32548
44503
43973
45019
48007
47818
26097
32337
35307
3126
1174
5850
44840
38424
17903
29322
9509
31687
23942
14733
8105
495
32003
27356
46705
31091
49854
36904
49395
46403
4728
26724
45167
11406
34350
35201
25799
8500
33668
17347
32040
40206
14008
39347
1052
14933
2746
38417
47816
15463
36402
33151
49558
40706
11439
12258
4718
9952
22999
14489
326
12972
18802
5950
8920
7753
22078
12668
20779
34969
154
19814
23953
44296
8847
24989
12447
2895
43063
30893
6965
29105
22470
47595
41123
4745
48379
40541
41660
11962
21263
44852
33800
20305
30217
40586
45191
35098
48984
2653
43859
20975
40720
22918
1234
3995
43533
10135
26221
44598
11992
39358
37360
35570
20141
33609
3428
15521
46739
6109
39500
6239
21211
4768
37844
23452
44891
19375
12963
19570
3190
25199
3508
27050
26342
16236
49288
37707
14371
11383
6218
33056
2766
29456
29286
20738
18980
18103
26297
35102
6936
27869
16966
21998
49042
30275
44336
30496
5503
13129
47534
451
23448
9841
35123
1368
18047
7500
18404
12101
45029
10058
7324
38302
13023
14353
39837
47157
38058
1082
23692
19747
19831
39041
25790
42363
30017
22279
10031
2652
11891
13775
30566
44899
37601
24827
42005
10695
37041
15259
4933
8868
31412
17565
39694
30088
17075
30388
47532
686
26489
3818
12386
10737
11889
46000
29837
29750
2859
25595
9256
10067
49200
7195
46343
37078
43952
1423
37671
4390
10417
11843
23383
15056
1151
19863
42209
42067
48176
18115
44197
18660
29026
1702
7095
25788
16147
23597
958
16695
20185
46503
17597
19826
35068
30202
26787
28062
996
33141
25315
29000
31838
1554
37128
13097
4732
30376
2634
39516
20684
6717
45589
26769
1914
33457
21860
6304
2290
13087
4942
46056
42899
16251
23509
16102
2629
18537
46085
34239
14927
25236
7942
47452
15630
24757
10637
29336
7972
12149
37764
3901
45672
28359
39829
21784
36086
36363
8159
19738
39037
39240
31922
30874
15641
11547
48916
16675
46726
25222
20427
36241
36195
8652
12269
12580
18906
14837
31618
34962
46105
453
18961
38150
41319
24057
22731
43346
38770
9814
33028
6199
101
30810
31036
36951
15989
8019
5499
12334
16493
31357
36753
13610
48901
38689
45064
26095
7093
41514
33897
14292
32107
29119
39281
29697
49941
11973
9312
2406
24890
41887
16244
3061
38066
26942
34268
528
23927
17582
28603
29103
15078
42581
496
40562
2827
11638
14922
3132
7982
35327
20452
47205
40871
4027
3791
20750
5244
41525
1814
1042
45906
23622
25089
44874
16963
23629
47395
5944
27159
15400
7952
21288
36308
38401
37362
16921
25525
27421
7443
18027
11432
47829
3751
47085
23406
10283
23379
18250
21213
5924
15175
19737
3196
34390
18576
7087
5882
13839
31721
28709
5531
31548
46579
22845
25866
27123
47802
23662
47865
4038
7995
23762
23141
36348
5978
22144
22502
26280
7382
17473
27002
21341
17829
44667
46679
4518
22003
32879
30573
29817
37048
49378
1760
46356
18011
34508
45308
1102
38858
22713
15153
9659
34933
48481
14457
49282
11802
17808
33945
14571
3287
7079
20394
23811
49899
29693
39405
9593
18927
39341
10312
15443
35768
10532
33610
21249
10840
28351
39447
44222
13447
43113
19597
14900
25658
25806
43422
7738
47769
10160
30301
1195
26302
25544
36338
9875
48289
6208
40503
31070
16050
25247
28635
30713
42183
23091
45076
28867
24742
34634
46253
43747
28306
33988
34650
48638
27322
23263
19432
47300
13168
43597
23398
18914
27462
20730
195
40761
39191
27296
24971
23438
48574
1557
30165
38785
28467
1393
36201
23418
12611
5749
24968
15707
36872
2437
46203
33703
40409
43814
46438
20094
7912
49295
49886
7433
15123
21066
2173
38827
36924
45693
45696
33296
19328
48856
39097
44104
40641
43107
49128
22568
7617
6995
32090
2384
10244
6533
32008
9487
34975
4559
38369
22773
37373
29439
1653
42457
27019
41449
35462
26839
15601
46589
4064
20817
46461
44651
4343
20150
47306
47221
23264
27894
28124
10808
49453
47203
19988
20485
24129
48009
21262
25084
20135
25723
40479
8957
16225
47002
8858
21106
36331
5680
4364
14502
16505
11800
33886
35671
26901
39417
45883
6363
12119
46142
40967
3754
41242
22734
6913
4509
8363
5200
9326
24729
34116
34175
8503
3488
9678
16975
9077
27879
4211
42724
9534
1353
42159
16867
34657
44176
34724
30240
42616
39607
39897
14781
41244
41676
45849
31564
10951
16794
46743
17146
5272
24422
3959
15018
27919
22008
24099
36835
31060
8204
17259
24166
36669
35110
38499
23239
47551
14570
7459
20584
28733
11412
20996
6048
35968
42128
23634
1865
30570
48146
8088
8735
27018
13073
39599
8506
8737
20829
39349
20081
30661
31679
20175
10598
19519
48036
44570
710
12000
41847
8843
6134
5858
36504
29031
8971
21643
3910
336
157
35378
34448
6989
9581
40437
31956
7587
16913
38131
18391
4594
10697
2780
6422
14864
33595
26974
24570
36376
35736
39525
7707
20160
47713
37307
49283
19918
12027
45361
27980
12356
43362
18940
12971
46755
42878
6959
1805
11964
20343
6864
31476
44347
17487
21540
3024
15309
34221
16999
26239
13216
14773
14157
36337
26533
9748
14309
3696
38075
17073
35207
28805
46648
6652
38484
30279
29392
38315
37165
42211
2512
18191
13323
15713
43330
31688
41150
30043
22313
32958
28263
38295
13815
34884
4626
8720
31775
17338
6106
25918
33936
8314
18133
2689
48672
36365
24898
6286
24601
25063
224
48702
30435
8252
40028
17512
34402
1996
24788
13667
43251
12684
13320
42697
42931
30098
47200
13927
39729
29573
42784
46667
45471
41922
18221
2835
48974
10838
42368
18850
36413
27201
2013
15910
30828
6430
27844
12061
40796
16757
23238
35702
42896
7860
43443
30081
22855
4121
24792
17982
46802
20727
23035
15567
39373
13738
46938
18689
11480
47994
23609
37509
27689
13406
34089
10735
26713
20606
16000
41717
17781
8267
8725
22462
28796
43651
11593
23993
47820
28167
18983
31256
9147
30571
21349
44251
15000
5657
27613
13146
36412
35189
23166
15180
2040
48540
28256
41345
16575
20685
19081
5182
17521
35527
45730
10411
49275
8996
34938
39563
20147
42036
46778
34457
29453
28252
6383
9495
44762
15097
12599
46943
42190
19962
7218
30370
9799
13053
2799
36071
36019
37640
21661
19091
37940
24692
22537
3189
18521
29312
12271
9021
24909
10977
19673
39862
23765
13932
25627
15179
33165
43026
8692
2250
38914
17665
36653
27741
7454
22514
17328
48748
42083
32552
1103
30756
43136
47196
9869
41959
48824
8243
45731
40815
26388
10026
25547
24656
14519
5304
48480
4020
11871
33321
32178
30269
10988
49943
39753
17820
45280
1720
7857
13244
40506
40663
2747
22779
13698
8548
40400
21676
23558
43050
3963
17026
18765
2265
38304
34049
32480
23356
40288
32628
20202
29909
1181
35795
14220
17030
22447
46294
10885
11128
19357
35579
10989
43280
38187
1661
5612
470
33
29624
40584
14301
31995
47558
46657
44770
17777
1449
10392
37715
31123
42678
48413
10072
1898
19300
44393
23144
11033
18833
25748
32746
20809
22831
25612
38485
1687
3081
28998
28327
17621
30491
25707
27097
19343
34503
16619
38363
35610
46678
6852
35440
3629
13741
16278
27148
18090
4116
40284
20070
46030
28768
49791
20422
32247
3039
21650
24029
48624
47644
31817
20462
9553
11715
15118
4060
26
41325
49605
20137
48818
9063
30195
47464
16471
32292
31377
14682
46499
18430
15851
1107
45430
2695
22730
9736
21741
36218
46790
30846
7072
6366
10264
19545
29486
15005
11737
33409
42380
2337
3677
25299
30198
3275
46575
17584
45908
43811
25899
15210
33186
41083
32342
12414
6491
45804
8130
37063
8268
40102
12907
35254
11044
2677
33158
9368
5758
49821
346
15614
49325
4851
20328
34181
34759
38711
10084
36578
16327
12108
18730
23491
9206
24574
30021
35716
39305
11801
39925
15467
41573
36509
44848
8485
7016
12172
46498
322
25257
22817
30037
10260
31996
45103
40781
20341
10656
4284
38856
12370
41036
21312
35900
24418
39327
9646
5753
32110
14792
47952
2327
36801
48228
33155
28697
32761
15802
40300
2818
28967
12631
40567
34877
31563
4216
37803
9574
4966
5878
18283
7167
48746
39930
1927
10405
14576
40805
12124
42998
18466
21457
25942
1140
26925
33345
11854
7665
9248
48993
42555
37135
98
23292
3740
37501
14266
35850
34017
25653
40141
36438
46466
36258
36097
16303
39567
32123
31247
26534
27802
47880
12778
46894
29349
29984
48832
18615
18587
11927
47036
6235
887
31842
33142
27592
38146
28187
47824
17454
12744
48210
14884
415
12649
22571
1885
32632
33451
9186
48548
2648
2527
48815
5763
25557
36022
22834
19615
13093
41111
2599
16054
6700
26625
25673
32048
29908
42624
13085
46281
7128
10852
37371
14664
37476
12707
7404
33421
28937
29630
31887
37441
18490
41074
36677
24205
11228
7590
2479
34293
21733
1450
14278
42704
24021
4152
3292
22940
7685
45776
27748
2507
33378
23628
3799
14177
33790
23550
13354
13840
2988
32370
28680
36820
38942
20640
3325
29364
32129
19447
11896
27265
23981
6546
36507
34953
24847
46827
20694
2698
2017
40683
22481
34106
89
5598
47073
26543
22036
22006
19872
48705
2262
37192
29072
46871
14977
19958
30786
36950
36840
30645
20067
49087
42573
21867
29151
14717
46505
29132
16764
18724
45715
2006
12974
47950
12318
41
19694
49350
49181
26567
13010
1668
40430
5533
14119
11050
39591
39810
21979
27895
2757
46701
46402
41508
2125
41554
5762
9042
33092
33944
42499
32760
38565
25768
24329
20987
43076
33327
35407
2254
7343
13381
32242
9335
46670
31555
41950
12786
38022
40089
11831
47504
47113
45756
42861
24164
42979
4930
21626
30647
19263
4949
2297
36522
1944
15438
19191
208
27890
2057
20365
45574
42443
10153
39954
44090
21903
43120
37794
9879
11076
39529
12019
28191
13629
21796
26916
10478
8168
2642
16006
31957
46660
6399
10902
42180
24791
14439
3450
23216
331
14045
14297
32366
36107
5429
34371
15823
44775
24076
47797
27702
37808
36421
11979
30734
48408
7733
15513
40464
49594
2753
17730
36471
5760
1938
27344
29890
19097
47608
19660
17018
33805
19101
5406
27596
39778
41269
1073
38996
45324
20224
6168
40351
22200
49116
21518
42603
17876
29294
15759
31580
27458
4488
12561
27838
16355
18593
14422
37782
27334
5743
35034
2256
12832
6240
1126
44065
14797
26730
2188
11825
29283
27537
8521
38169
11468
35862
30656
27360
4479
33152
44596
4754
630
48304
46750
40346
31913
13015
27443
45415
41632
382
18530
3925
13657
24303
6475
15063
10295
16189
25994
35966
48245
11862
27464
13530
16014
25743
10050
34266
9999
37522
17463
7026
46373
4239
47398
30005
11371
42975
45557
41723
33485
24653
44908
22030
450
22484
29166
40659
44880
36409
32884
31210
28739
23408
1460
39918
15053
14408
26614
17041
44541
48610
11232
44002
38108
28832
1171
12152
11049
31522
11110
16437
28625
20281
3077
22324
29096
33870
11602
48339
35542
36894
4940
34499
9778
42248
15050
30
6050
37352
30700
24442
771
1351
31234
18281
47383
15229
40726
33928
26466
30871
4644
41570
6527
1598
18473
32577
449
876
30412
5937
37637
6892
22983
42174
45449
36400
8763
27981
38504
27397
24979
37879
34707
47490
19197
23001
21010
41694
49462
6834
37992
39344
3318
44925
45508
29101
3284
24273
10502
34018
12748
26005
13652
48224
46859
32890
35306
4046
20072
2850
13245
40189
42970
4572
5205
41686
42381
8430
34991
15597
20030
27498
36226
36236
9547
3657
22388
20496
14198
253
39091
3187
9682
246
46235
38330
46425
33103
13744
49094
49169
12763
17031
32113
24520
44346
4125
18545
41574
30231
8570
47291
46422
31074
31198
34320
5436
11498
28918
36560
35822
49005
27095
14926
49574
40878
26023
23182
28894
47187
15571
10615
25369
4573
25837
5341
46484
10712
2214
28914
22986
26868
41749
11717
36821
37398
20356
6931
18519
989
9658
43389
44552
11425
41608
9341
27023
15288
41267
21049
20775
49613
25417
49492
24623
4759
7902
3451
3193
16118
25709
19655
21872
31063
45817
29088
11708
29839
11124
24895
44450
26615
27260
13013
40841
1917
36210
978
23463
45895
45435
36569
23047
44591
28154
38792
32694
9971
11079
16864
19635
18075
47141
6664
7697
29812
31539
12671
32791
26575
16690
8771
20580
16084
35191
32112
30085
49743
24905
25405
33830
6219
36719
35
45974
48566
49285
20138
33342
17994
47321
38948
10086
3349
11336
29710
46820
23708
28116
13730
37639
39099
1690
36784
4296
22891
12303
41575
27228
24302
15705
14995
673
7225
47086
36234
24483
20228
44839
5061
45098
17283
38574
31871
426
41404
8149
47181
7524
12181
25055
8187
31516
44278
22504
48531
16300
18393
49603
15923
14437
36230
38434
47874
21551
33486
30401
33042
47620
47280
28088
1407
3971
36994
39045
22804
31566
34202
22065
42271
21426
7814
48780
7428
5681
39621
43833
28536
44845
4521
49837
41908
26748
23373
45199
9720
42928
36512
38545
9801
28905
6551
43135
13331
5416
446
43553
27409
4985
23857
19311
9427
42969
3789
47934
35467
25142
17762
16653
44290
18383
38551
29804
1506
22414
43464
46058
976
28376
6894
14125
20713
46121
19656
40272
34329
49745
24821
15149
43871
47343
29948
10143
27720
11978
14694
40635
22321
38719
18034
49769
25591
14446
16919
10747
24160
8158
49532
32938
28737
6805
27974
47088
33554
12606
35428
17629
19580
49352
13967
613
6843
25773
40194
714
11161
13048
48675
20900
39142
21955
35712
18870
33498
25402
31839
34958
2688
24711
4338
47656
28563
17161
13398
17239
1708
12037
32843
43911
30115
24583
1527
35047
19823
14018
36822
41789
15996
4077
49570
13743
43764
39263
779
8498
28849
27128
34139
17081
42672
43868
10145
27754
39661
17226
39845
34954
30415
10507
29413
31388
43257
42143
30125
29358
5034
39769
6710
41332
10542
15498
13117
15148
11745
30610
12731
33011
7437
8242
14614
240
30292
29172
33069
7845
20113
36158
36857
19654
7118
38812
49127
17863
28279
23112
14954
19902
25578
19245
36572
42989
15470
755
2200
37908
1119
34174
18708
32631
45566
42549
45778
40316
14092
18647
31789
36025
5187
27
24054
8065
39236
23338
24760
9153
17606
15158
19669
28451
40109
2575
49107
39894
5664
43970
14135
44871
32027
21935
5759
9548
22770
38747
35058
21293
16258
851
31765
46472
14902
34138
20061
30470
22102
40797
29556
21517
10014
11533
32691
24322
32893
13034
26603
12876
18049
15015
27527
7747
17910
30119
31601
4848
6205
3590
27455
21424
3709
3851
16416
34034
12889
428
30298
41490
9410
34103
27655
41576
40123
4650
39030
136
21890
33257
2851
4903
14821
46434
3033
5580
31769
30302
30478
33669
22455
20553
36769
4525
9491
16177
22221
31162
35469
39975
7911
42446
32585
46250
607
1338
36558
48770
49077
36430
27907
38482
40926
35516
2887
41424
7804
38777
34973
8365
16242
14383
30996
43907
937
47324
32873
27424
3895
5413
28595
13068
34852
10862
22468
29477
31526
36055
10006
16807
46560
9402
8679
23625
21226
19690
2465
44429
2107
49981
45386
46449
22257
3004
31635
36730
19634
47982
32750
41411
32329
25833
16880
44825
2096
6420
42467
4959
26838
24128
44628
49708
7797
39386
46234
22595
36728
11104
12155
20116
47295
43342
7333
38796
37796
3602
9241
40502
21933
28586
219
15420
15363
9763
11389
15905
10608
43232
7406
18039
279
44695
11502
10126
21476
21291
2830
233
37199
26075
22113
18324
10062
13101
10207
26462
9350
39007
40817
26159
47238
18310
23340
47766
20426
39152
4357
30714
24249
24323
19380
39953
47727
35507
30353
4272
337
48870
30354
41648
15055
18275
5266
47074
13551
48134
42179
11007
21962
17206
775
31530
17220
4846
6822
48869
49526
49211
9179
12842
38804
9185
39885
34274
33248
9820
45141
35769
44794
39867
44280
5972
28299
25974
17843
10106
14732
19088
42782
2511
39569
9422
44026
24289
29787
7833
18624
43409
531
14956
45632
11351
47028
29867
27140
22739
6377
10600
25459
47929
42811
11809
47784
16643
22854
27681
5086
44816
13271
40350
24493
2009
17501
10630
715
2593
41515
40451
17510
13556
20931
3095
27169
15215
39619
18465
8745
2458
3975
46625
1235
9245
33051
36247
24475
32464
29587
37487
17870
34464
24927
3090
2925
27541
22989
30112
23726
35655
35021
30439
47367
43166
8454
14518
4709
47124
18477
45146
48306
33310
42198
1150
25002
45042
17898
48567
416
46338
12696
13401
23249
48944
44696
49851
17753
33972
25929
20111
10431
38314
21798
6374
47946
36644
18531
17393
47108
2072
435
34084
16699
2722
23837
32929
4956
41909
19190
40752
27330
5494
63
33992
47586
40928
7246
3758
45535
24279
46165
49193
40857
4756
28448
42794
22630
11063
28667
11069
12858
19790
36208
32690
38849
9417
6463
48760
33089
24341
46965
19134
47928
24769
13345
4153
45203
46149
49560
48270
32303
38003
15345
43001
45408
28177
40889
48861
32466
4278
33599
43317
11789
12211
30389
47227
23728
10915
47388
2600
34993
6183
13397
39155
13103
37696
14053
49205
27999
7173
33453
46003
9103
8517
7042
22865
11766
8191
20088
16616
4726
12029
38736
48592
20899
11309
35648
5333
29188
49653
23759
33822
22729
7731
1307
14494
41155
3355
21061
41615
21702
46784
28855
48920
35072
18947
42026
13127
47969
18136
13660
21202
22252
17323
38841
9499
9177
46734
29654
44945
27970
35546
46630
7516
34788
39364
30630
36264
47735
40778
425
21824
21681
33852
2313
9707
42485
49831
3423
10448
11980
49587
21428
43385
35885
27732
49269
36143
23970
14442
18915
29296
21410
30579
6274
2714
9420
21266
16894
45709
2314
6860
15828
12488
19598
42767
15632
8855
28736
45013
49184
24060
3498
10111
24908
28201
11464
3013
5537
11793
16831
44801
29020
34849
16370
35839
10429
41772
5094
30735
27617
20134
40545
14542
1611
23421
46690
45388
15955
26889
49642
21146
35438
8861
19825
47909
26549
18809
27326
27672
48533
35987
40219
7963
14162
49381
5103
31553
35035
28053
32822
44996
20870
7269
37638
6886
16385
163
2490
32045
863
13606
29425
19795
3490
5540
21505
45869
3553
16103
26418
13787
47010
47859
4797
47346
31583
4820
25324
16790
6938
47288
35656
27915
10599
30966
13669
17801
4918
22033
29168
38031
19750
38366
33530
42009
33645
5983
27335
11280
27562
17452
33752
42700
20607
41185
8025
37195
19888
14803
30650
27600
15323
10687
32307
10996
46280
42201
15045
2329
49990
41519
47302
17276
3612
2030
22344
25722
22045
9939
8784
14862
27650
39397
20600
49413
17175
16649
47006
45291
41397
48380
9809
6226
9274
3588
10487
10563
17462
36366
18118
29543
28286
42004
34028
25326
34276
3184
29690
17058
22201
47175
48143
39938
16611
22347
25730
17548
22677
4161
16678
23977
9038
27557
28538
13295
17670
4082
25623
4151
34332
43012
29763
27218
1117
14707
45195
18130
49658
9201
5386
10860
6854
10040
25232
47791
45559
48229
49655
6705
17251
45620
7547
33282
23710
40389
30425
4022
36901
8572
49747
48277
6298
32696
11015
6431
17404
43765
18925
42498
13149
48122
43137
269
21383
5698
33934
33765
25739
34126
15491
18555
21803
45796
6676
30140
3772
10859
8059
45904
47525
40115
34662
37477
32895
9641
41872
39700
49459
19714
31186
26491
28334
47263
33572
33087
16639
16181
49679
27954
18632
48169
38525
9253
30797
39858
18656
29932
23674
34003
24944
33461
21514
48074
12504
26827
45979
18336
43758
26110
14630
4774
26044
36732
18502
40338
3460
12129
4978
679
2582
39936
1421
10229
2665
20321
43296
36928
36033
34912
15418
11905
22520
48279
9040
47079
971
45871
14152
20530
1
25264
8637
30594
26494
20213
14129
32521
27544
49292
17376
44208
27835
4755
26244
38757
30609
18776
889
33075
6136
4436
16138
19284
36633
5818
22234
27290
45749
24528
13504
48120
41818
22351
46283
29911
20445
40434
19546
25380
13445
28840
12774
10097
42902
37616
41706
48973
7648
41236
26479
15171
13529
15636
37519
19045
31528
14817
8879
22793
3390
39832
6043
5687
38622
31962
49241
22198
7829
19926
15066
13903
11933
8368
24121
36590
46113
6493
10953
46539
23392
24061
10452
41793
18655
24774
48066
12470
29484
30565
1274
43715
4823
18314
27937
35426
19917
21174
20674
29824
12102
23630
37412
40597
39055
34110
11828
45135
47650
44658
26072
15182
29202
6425
6785
19703
24093
33308
40435
45365
32346
42262
37451
34199
39638
21591
46610
2537
27051
27694
15121
8985
28482
45143
14010
6015
29569
40638
2646
16644
48688
39275
32208
35400
5886
41984
30536
45068
8255
19844
49580
6658
37684
2235
1112
16429
42687
40163
4486
11872
9230
7097
26370
29600
45963
15736
49892
15653
2568
37465
43886
41906
12213
31652
11894
24678
28339
37666
11783
48866
15460
21344
10095
26492
27195
46994
2245
34828
42509
30612
40905
13317
46857
34677
3070
20612
8388
30446
3611
17304
16125
44896
18751
36758
38186
26917
47303
13337
45493
12471
26463
13072
47588
49682
37328
25276
42526
32927
12294
31353
16912
26234
30863
11643
45137
18781
13632
23591
38426
37449
14460
40995
47742
35329
46781
42980
5573
18566
49144
15612
29035
37922
5789
46179
10545
37056
11430
11931
26177
16061
13754
5224
32789
46962
11167
10176
13974
747
19920
16086
2823
3921
21899
13341
2750
9807
11059
21507
31009
32076
9010
13372
37357
21418
42489
48641
38232
25541
31623
20156
16477
26064
5916
40
46704
42437
5804
34710
47023
20464
45724
13052
27670
40068
37091
42194
23697
33535
33309
41484
14669
39169
41780
11066
46159
38919
31282
25954
33603
22783
28760
41164
42647
17037
34644
44320
3920
39715
24424
34132
34672
32693
38077
44224
11929
18117
2299
18748
5805
4202
27945
39709
3930
18985
24517
43755
11214
7219
1783
13438
36459
46576
21640
33620
6462
33322
15768
25767
5057
15190
2444
8176
3096
12666
10623
37716
14776
17171
2810
3412
40890
36913
43917
3788
17838
44116
6809
36735
23477
34469
9359
35772
36592
19903
2161
49119
22364
26887
45823
44024
28056
43194
35584
22796
48301
10463
2043
4090
35608
16596
8676
8003
39228
44373
18238
15315
30726
5948
3069
17549
19122
30529
14138
45080
15586
43782
44257
3109
42472
9704
45551
32378
45922
9527
1454
9696
23469
28524
1660
35092
18610
47907
43668
5900
12099
32356
10320
24611
37806
23050
2451
4919
44389
28102
42797
17852
40076
47986
30558
2492
41177
49464
11359
26128
1831
9492
22415
48690
26339
40254
2920
8893
41654
44719
43456
48805
38084
21790
29852
25069
47728
20802
3409
43461
22022
37294
22895
43942
14896
41781
21224
33206
44082
43045
22099
1807
29204
32531
11122
36200
24206
10159
25651
11125
222
29141
34656
41279
1176
29998
10423
33138
589
47162
7236
44542
44966
9244
42105
45926
14444
42737
41447
4563
3334
9609
39993
42268
12635
21652
10893
25698
37651
19029
33049
36401
37805
31077
21122
42607
45011
45924
29917
12544
36077
23303
13835
39627
4427
17108
46317
943
47046
49723
25330
6774
48012
35569
11296
40619
6518
3670
44742
36249
40731
17139
43588
4790
14052
1061
10781
30061
41076
6504
1326
34970
14658
28982
41854
22898
2857
4785
15786
25323
15454
1884
37881
24037
45733
21160
26130
42042
31931
43621
28631
33007
5145
18582
14322
9961
3715
48462
41949
21755
2813
14342
32888
30826
6166
16941
4578
7526
38854
443
34466
44480
3372
39806
10878
17150
17373
45424
12208
19255
10192
31039
39354
1258
41782
24495
31622
39680
10242
45757
36162
4085
42274
22208
28966
23212
14454
28854
35164
22962
26532
5454
33253
25029
40361
25731
1734
7853
46933
26637
32321
39728
42810
46026
14046
45868
28378
34435
30172
46471
33779
16578
30840
25427
4974
44910
38896
16929
38998
21065
3756
28845
42529
8927
35157
29495
49969
16742
18692
5132
46339
34977
218
41533
32695
26156
26426
48848
34781
545
38241
12229
8948
29680
4535
21639
11475
38446
45144
41462
28793
45312
17988
15694
5482
21254
45679
21252
27556
41740
37443
35965
21531
22794
36213
8055
49929
2315
5305
21430
14767
24680
6187
44947
45488
10437
38911
23820
47432
3796
15565
32865
23823
7543
37312
14336
41662
45743
46445
31891
10700
14026
24374
18435
47013
8289
7527
16756
6737
25475
25379
48342
37933
20647
25781
12608
11585
18296
40005
4132
48676
22880
24415
1859
22272
25783
23791
36347
17432
38882
16743
23585
28225
44828
29386
27923
36295
27744
22538
20982
33770
31109
15774
18008
8539
13120
3974
31892
756
7573
48905
6103
34495
31466
37875
3479
6897
7212
28705
46801
16665
11222
25534
49524
3767
28198
47564
36165
5001
47416
39522
6172
18561
29623
20154
26545
31118
16203
23565
22532
22358
44993
2263
38395
47406
7068
13918
1816
29258
31825
1922
12253
32971
19730
32784
44188
10596
48499
1706
37752
7490
39253
10481
45770
9670
2152
13478
7413
16721
11394
46346
17291
20040
12723
17554
41183
11373
32573
19904
24865
43354
1719
33618
24123
21199
10566
23075
9886
31834
18733
36547
5813
28495
24654
40191
48801
48547
48284
16607
20957
21238
5777
2946
42497
49141
27038
9856
14950
31860
37196
42956
35328
11396
24984
8186
30025
34553
42709
6232
41821
3487
14655
35382
6957
12457
40830
24333
31486
39264
26897
45489
26229
39395
46619
38572
1990
44826
29926
660
16008
13047
48185
17689
15450
16525
5713
3079
35983
29086
22034
13527
9788
30937
33404
18036
38483
48148
34472
13928
35186
6502
3917
1886
12526
13876
15625
49364
4032
39265
32661
4362
34308
49002
23737
31423
25114
15264
6174
2515
41569
8177
31807
36259
43662
39282
11516
1904
26679
17361
25200
1376
24326
47250
13077
49100
38833
39532
13039
6631
4672
39453
44407
18015
11770
31645
44672
48799
3991
20778
954
36493
11749
29504
39571
32770
38142
13382
830
17460
40398
8899
47267
40268
8429
37723
45405
25562
16685
5700
20614
27644
14030
27040
33286
15381
43919
32442
9644
26355
31443
26613
6303
15225
39758
15287
38319
47712
4997
12837
5307
36981
32589
843
6902
36462
42621
15455
27329
42001
6514
28556
34032
4847
46354
32646
7091
30819
26433
37762
7864
31343
21873
31240
38168
25396
32702
37495
23098
9584
6612
42235
47537
42471
34581
12844
29121
44575
17205
22719
34786
8417
22304
48529
49076
16343
14686
35991
21401
46641
5445
7987
22695
6924
25298
42414
21225
34409
45789
18720
24380
20504
2758
36849
30448
46769
30618
33163
30264
31483
45322
3580
41108
5243
47277
2765
35660
31654
34165
27727
49280
45066
42038
26325
39161
33587
2974
18326
32295
22768
12418
36520
18563
22238
45933
33512
14040
49852
40229
31607
48452
25972
48390
13011
28850
7557
5279
6978
41822
11235
16459
3470
36300
2682
9214
11916
32266
39917
30082
30374
31671
13151
15948
12574
10368
16746
39195
1981
46626
29410
16465
1918
14359
13335
17334
21013
6872
30399
17971
45039
15510
22062
49451
20077
16473
28598
33899
33017
38004
47254
44627
30206
31756
7316
34611
20255
31444
47591
38739
12964
24779
8968
2529
22000
18546
41104
1937
24281
29576
49518
15872
3746
48045
1931
38310
175
4426
5615
29362
37310
27989
31541
42733
41393
5167
47083
3763
22063
1583
17002
40807
31958
25895
18628
28066
9132
39167
9032
1208
12260
31220
13561
46131
9906
827
4598
3469
26702
30250
30468
580
37905
2701
10467
48926
43479
21719
1487
3501
11442
45054
45663
26638
49079
23500
48875
38464
24135
26267
28660
15462
11818
36532
7327
21988
44084
45601
33742
38170
8376
6879
4066
28348
8380
24685
24538
28029
45564
23347
37786
2358
19361
41774
19028
1608
21889
28596
45563
34626
5745
14378
10134
13088
34802
18045
48634
12153
38531
43277
31272
30676
30686
14126
49089
20127
33172
21789
33659
34392
32892
43226
46299
11938
19614
23549
12062
1124
8064
25139
31696
38199
15217
34097
18386
20409
44999
23128
21706
43933
23271
24691
37421
15249
15338
19218
27874
48496
21771
25472
25925
19720
28389
21449
20188
24671
34637
7694
16628
8785
43254
32225
25364
25070
38431
46208
42404
15077
42066
21279
43887
9798
12541
10659
25513
43660
35634
10546
49942
38591
9589
3723
13300
24066
556
13580
23654
3744
34141
41856
36610
38416
16222
40462
2980
43218
11606
34044
4386
22703
13265
15752
26834
7469
19820
4615
45782
42071
1548
6734
20577
21999
38351
22074
5973
12041
37916
21128
12238
3047
12297
35097
6167
8844
26212
21446
3573
44524
49136
41194
46400
37781
30969
29403
11040
25410
41361
20655
32561
45225
31322
34537
19394
8923
44898
13883
28922
32397
39394
8392
40328
45281
31215
173
32066
12956
26574
32751
32797
26906
36330
24218
1077
48589
13251
45067
21914
5324
9789
1319
38080
7371
10538
47154
36536
28773
22183
21723
39471
5280
15218
8076
998
210
15479
37896
2149
1028
165
32011
1088
22996
47382
13895
42021
40085
41623
33358
6282
29382
41912
48784
33829
8990
36163
21422
25851
5278
15272
36643
42539
46813
36726
2549
20252
30932
28519
42847
4542
13130
25860
2602
40253
32551
49836
3089
21444
44687
15576
44776
19402
45326
34780
20759
9582
27799
28033
24828
13267
3322
41878
13026
3604
46754
8823
20054
30031
43679
28619
12678
28617
36615
45502
31878
3942
39600
45591
3803
35249
12878
39564
48271
41680
45744
13132
14345
9715
27951
10627
2452
8342
45443
20639
43954
21804
46534
36255
40564
34005
44680
14188
7472
34504
25186
25830
28872
10138
35869
33381
49930
37564
20688
43055
1281
37910
6260
13505
38155
46834
31218
43526
18861
40776
30437
38791
9897
24785
31977
27798
10521
25051
46949
29092
30802
34889
35403
45257
41285
13018
3075
26163
25231
16789
1589
20514
23139
20855
26979
32891
9790
31325
34458
44633
39966
44231
32448
49879
3668
46008
44191
14832
33543
4564
43148
7922
37776
7760
9353
33455
10646
11958
40980
27889
6590
3303
45074
46664
9738
31864
27910
44046
6861
24444
2160
43222
33010
25993
12658
23665
5284
22256
23293
43448
14986
37430
32861
8095
9453
18054
20313
31048
32851
40448
6139
7957
44683
487
2636
27773
36836
30776
6406
17005
47061
33675
31851
28164
41593
5149
1467
38412
46032
6256
46334
7392
46622
22010
34148
5106
23351
47827
48695
13481
39266
12967
3356
30212
27706
40851
25737
4483
28481
37614
45186
14370
10636
7493
17877
42442
27124
46600
4383
30310
38045
15074
848
10444
29535
6749
24477
43672
26368
9604
26122
809
34773
34231
48639
31300
38166
44140
19272
9717
35992
23327
9461
27698
22357
18399
15489
46269
35901
15702
9457
4620
23187
49314
33164
45028
11932
22640
36500
21108
39545
48256
1463
43614
15906
6596
37938
25363
414
45678
6398
8351
36494
35417
29011
33212
45355
24578
48233
9847
13942
12664
17854
43109
39732
44043
9317
40230
22622
12926
24327
24398
7388
24377
27206
49150
14590
24417
26996
3324
28985
24015
48376
29284
38781
15821
8449
44067
11392
31740
813
3616
12569
34823
9223
4308
14124
31538
2596
26021
28708
21229
20325
38989
46392
34364
30967
42914
4862
16105
41663
20231
43985
1789
37370
31460
37834
21398
6795
92
37032
16710
30973
962
764
7521
41335
41121
19102
42641
43858
24864
35919
38052
6409
30387
13262
32176
4706
1412
34375
12425
23105
22968
19848
7785
33648
27212
36896
31943
40872
5541
27030
35637
6833
22320
49787
11903
12839
21376
7106
6034
33076
45966
16568
47855
32305
35233
12109
44980
10881
24309
5547
12302
40538
7005
33717
6041
18876
42532
32685
43890
22678
2997
44787
11679
14665
32170
24389
22052
9795
12555
40810
29666
20204
7292
29785
49468
21813
32025
44453
24001
24292
24439
26922
15635
14942
804
24342
3231
37051
28364
14681
27291
10904
10472
36084
43631
46713
29895
1512
19789
8194
21287
4367
1046
40250
18160
23595
36384
33285
29427
45812
36111
40970
14403
24028
9963
8233
46417
44080
37346
39787
28182
10876
45287
35782
7641
12444
36654
33647
28238
34883
31110
8357
33939
2863
14936
8466
9667
48897
37985
22751
25182
5133
10495
6093
4682
22807
39226
16947
12053
25892
44823
44252
32137
13258
41359
17021
32727
1612
6784
39147
39461
40213
6357
31869
43129
15603
5679
25548
6447
35603
27740
13416
43795
32494
21848
30333
49793
38865
25146
48317
12693
48398
46772
5128
16550
38987
32618
42375
49683
24181
34248
13938
12270
20846
27459
15727
47599
36517
43896
30105
32565
24879
29814
24969
24988
3208
16651
23086
28813
33762
3387
43609
28126
26988
12422
2615
44193
32986
34686
2487
17294
49197
46529
49073
7172
4371
35049
48067
38430
44548
9520
5631
40848
25964
9870
33576
23733
10316
33882
33471
36454
38386
47097
46331
35431
40090
36045
13037
45728
24958
16522
3457
27126
38677
2787
42230
20361
27336
38910
38399
44700
18997
10584
20205
37926
10044
9570
37009
28874
8819
19334
1021
49051
45584
43333
42503
42383
46057
40904
36892
7130
4857
42689
2610
8529
29158
32255
29967
5040
35065
37734
42419
45034
24580
35606
23548
6479
44004
23676
22432
21331
36302
12629
35846
9900
8074
49271
20570
13225
30941
10012
4888
34538
11213
23478
15895
36268
27241
13369
2300
4817
45657
49748
8993
1942
32102
35256
9986
41318
1762
1573
1976
18378
46206
10673
30640
21940
24875
41986
18273
41144
11096
35704
37212
36690
4730
22597
42567
10453
1392
32368
12514
26108
36339
39620
3391
38252
13422
7508
23227
14289
40020
32428
15348
31976
14269
44711
18944
24318
2681
29399
4912
44808
36480
32437
34768
48455
214
12084
14849
30501
10753
38630
9178
14364
13778
48609
4183
16827
14520
33070
9318
1346
15578
33003
35383
26189
34295
48679
14435
9880
35676
34436
26751
7207
42480
12784
44992
1620
38126
19646
46316
46875
30475
37113
22354
4962
31250
27292
47904
18063
41110
24100
836
46707
36534
40698
13648
36797
36955
42999
31672
1349
14962
19940
41831
24645
37376
26746
30084
18297
861
46236
30900
34225
47721
4186
49912
27605
42781
1238
14429
44814
36671
23180
7099
12802
30219
45946
7
27972
37911
31151
37117
16393
23717
46644
140
6368
20007
37490
3225
31432
39604
29036
31531
43779
14080
1761
33771
48068
36131
6781
39899
7457
39640
48478
45531
8178
47682
12368
26598
46490
36498
47338
40684
23727
40078
37119
4282
36411
534
8965
605
33314
5544
34519
2084
41795
29077
38606
36179
42718
47638
6169
3179
43082
28034
41715
7970
555
22152
24408
25766
33002
25
43534
43276
37489
46689
2558
25079
4109
43052
38982
11773
39741
14555
11061
791
4075
46966
19176
41834
12898
46627
21972
8959
21646
33851
11830
17672
5962
24926
26861
34491
34671
12396
47657
7121
13563
6639
37927
37243
36359
38167
20249
16955
19986
31747
23974
47190
17834
39902
35239
35121
22072
6182
5915
577
9626
2416
7627
23025
4084
18347
35349
46651
28127
11476
42921
17851
8697
7444
49844
18814
30748
43450
2749
10588
46821
44306
8330
16812
25649
23174
6758
37919
4441
17188
25291
13179
14146
1731
6508
49287
7623
193
37107
3834
10440
36193
4856
19596
40963
17025
19222
37694
22025
18462
28257
5620
27158
11276
14343
42131
9852
13353
13550
6005
46843
5694
20887
24632
31010
3214
40274
18764
19412
9721
27377
49746
47896
445
7766
21076
8982
44737
19109
36830
46845
19043
36523
264
32838
43308
27293
40041
7359
37654
24851
18204
38419
49799
7821
6062
27961
18181
35550
3297
10751
16249
35636
18640
12896
26960
35031
4356
44952
36152
29082
46936
15486
8120
8275
33555
31472
12572
15442
48995
49219
37929
16032
33625
24573
24087
5486
11578
474
33721
23445
5965
41649
9979
19364
49808
49286
37890
48884
12443
27635
31287
25317
45219
24371
45750
18251
37538
25311
2216
36191
4504
14148
34518
6025
11427
22879
8354
49281
41810
22692
875
29572
9209
16380
49155
26241
37665
24051
49874
48361
1780
28934
35720
15583
37290
3455
26810
12118
23067
34844
40428
47814
933
17632
45673
13079
29764
760
40280
38228
41491
4676
27271
47801
14868
9605
44837
33715
424
46478
15427
33333
28305
5877
1115
22395
30946
29803
3688
26174
14609
10621
41590
7724
29999
19811
24478
41572
35752
29672
43209
40981
20440
35735
46415
47494
33918
787
14156
29977
36513
12137
44305
3437
44348
32772
47743
1225
11375
11898
21559
26118
40733
18244
41200
47450
412
34812
44367
27275
20908
7257
10498
20704
20344
32969
18290
43610
30129
16307
6180
41769
41571
46247
39011
49568
13789
5264
42779
25017
43648
21991
40365
15553
48311
34971
28885
5060
7748
4311
36169
18440
24024
30131
46959
42805
36406
16193
38576
45299
2587
16290
10706
8321
35821
28391
28789
14540
37864
16617
38209
19356
20810
40305
18074
11047
47266
11102
29028
28100
10213
47377
49670
14968
1387
20934
8634
33014
143
48343
35486
20351
31559
24300
5507
17262
4913
18941
29906
33215
44763
1089
34388
21299
347
1504
18518
32086
30299
14047
4737
8680
24431
8374
43580
34091
12306
32906
13693
13565
15781
40673
40605
2559
35363
18558
2159
21717
36686
41791
27456
7634
7089
14893
10533
27108
29578
45335
24234
30825
37751
39962
44109
46951
14414
36170
11250
11043
34204
17255
536
44929
31717
10899
18352
10957
22852
47451
10804
44616
36096
38078
3156
46856
33624
43551
37566
49656
11217
15451
43397
20891
28828
41953
22747
25674
5610
11909
30674
11709
49124
23809
8803
192
10438
11971
18214
28330
5247
3639
7007
5043
21842
49173
17372
38824
44753
22173
16184
5146
11034
47889
11703
25699
15263
22056
10045
34182
48904
5245
32621
6513
15932
28932
29309
35977
9483
12835
42803
4796
26821
16388
35133
10594
21854
22953
39690
26046
38438
2334
29511
40169
9257
49373
23536
41275
39808
16169
29190
14058
23476
15990
33287
11594
14572
11042
26184
47424
18702
12891
1044
43681
7452
41628
9325
48899
40736
21018
27069
28173
40408
19074
48119
3840
46567
24450
22476
39611
15535
1474
39332
6173
5380
17590
34919
27199
481
28353
4007
24889
37895
35170
40106
26470
26652
30251
21826
16769
28060
43712
7767
49597
25387
5757
25286
28049
38536
44834
15929
5592
15835
45863
6813
17016
9295
15873
38686
5141
45990
22758
48282
24435
2225
45073
19413
49704
35677
10510
6200
27542
18492
21493
13848
48204
14511
7062
6770
45628
19595
32227
47001
3701
30539
18353
32021
13069
11655
19414
22772
6095
13761
44580
33747
15651
36837
13327
27585
4363
34237
2902
39985
32841
18274
19344
34386
31180
16168
20920
14908
11518
17729
34575
37180
2167
6980
39744
44948
4753
27318
40523
25252
29237
44939
40081
8391
18121
30139
44477
41650
27602
32593
22406
38664
29254
37722
10036
29412
20318
38001
21957
25111
18671
18574
38418
27514
6393
41012
25287
39724
31399
6465
11443
40001
44426
37338
35368
18271
43536
7418
38179
42225
11002
21721
41875
49771
46115
39677
23554
47122
25996
41162
26437
32484
1850
18501
43860
455
22632
35177
21059
25249
17526
16873
8791
43523
35141
8599
30345
8782
7842
37984
42649
11395
19620
35684
25136
16279
28122
16423
33359
28343
24000
28534
46306
38529
42057
41731
41724
43040
37372
16574
2519
44396
35445
40969
9882
34629
47590
6701
24088
2901
39544
9105
25425
24532
30733
38032
8710
24330
34821
49944
48568
4955
31447
29320
43757
506
45035
29305
19633
25259
4418
46963
38857
40026
27882
16143
26527
7274
19877
33464
39551
12244
31835
32121
30509
44411
13065
12199
22301
28552
44479
33036
29951
8119
48157
30440
29212
32917
4779
11192
13957
32782
12017
6916
9564
7470
29646
25030
1026
42378
1471
49212
30949
5885
41600
44712
46034
15882
35028
10001
9501
38850
46693
4577
37785
22764
8029
19288
24982
11190
15216
34475
2042
23225
49290
11266
25815
13866
8645
47748
3308
7434
19794
23385
13358
9397
46091
34850
20646
9652
25152
4597
44572
15969
17833
47674
19583
43204
49379
32426
47812
36868
21967
11981
26149
32878
3152
5025
19009
2814
14314
43491
31966
30348
3323
33414
29913
43071
48450
25072
34467
40938
23969
19845
31462
38885
5956
35918
12180
21321
36174
2460
12201
39504
2621
3290
29533
28356
23433
37859
18260
31194
20733
31294
21350
37472
25641
47420
39178
39705
9506
28017
15820
36171
24084
37380
48698
10806
15720
4681
34111
2259
10464
26141
48324
8526
3279
45955
12771
35566
11571
11524
30476
49131
20737
47961
8453
29387
38098
49199
26871
45417
21342
20860
4852
2052
33444
49221
36953
39672
37482
35245
3731
22927
1033
41290
27282
40799
4349
14820
42886
3929
31342
42018
18988
34882
3332
22070
46794
24196
16937
32139
32583
37164
44270
34511
26670
11324
22181
39686
41493
24737
24046
25946
5123
36715
15643
45302
34775
33525
9592
15837
40487
33963
40380
3386
16940
11457
41084
48262
7307
35713
48475
43627
2965
45507
41644
610
18403
16372
2488
12203
37690
26420
23470
29327
18168
14256
37923
17810
24154
20292
17714
48927
34737
12875
8173
15944
25528
22593
27149
33905
22407
35310
17950
26117
40866
29067
6277
37076
30342
45346
40838
20585
2680
12679
39654
41809
48243
6738
21815
15391
45262
11753
6613
25913
23564
35946
25915
49435
37867
6107
33568
14219
4905
12892
12163
41408
5682
42013
45433
19721
4741
18077
49374
49359
5320
33559
40015
42556
18714
22162
37729
19502
2294
5361
592
10772
36280
38937
2990
37877
41618
1999
40031
20405
41684
19317
15059
48585
49775
13633
47531
28665
18498
44322
45997
28268
25126
3342
3282
15020
27252
30422
37517
13540
33401
44229
1845
15485
9934
32780
13449
40867
6542
33499
7458
19042
38000
45375
44155
34717
38287
14651
35230
39602
8250
46521
38100
20742
8317
33694
13096
1213
3884
48010
1839
3379
1070
19320
40374
18009
21415
32441
34078
11078
48016
35641
44965
39548
10814
35814
43437
22933
18442
11367
9331
12038
49978
46594
42023
31389
627
21937
32582
26009
37461
22791
36005
35714
27504
45976
27865
22345
38326
23055
9268
43861
21317
16119
27146
20567
12913
3753
40047
488
6388
41062
12529
5559
5041
18551
46850
19808
39884
22528
45269
29175
17176
12083
17671
15954
14547
5268
17530
5802
38707
10875
19732
11747
21633
6606
25861
46584
26114
35764
31849
13425
21406
15667
24670
27726
17252
42717
10338
5865
10277
8857
26895
7651
41224
33728
5844
5702
47736
23334
12884
29377
28729
47152
47683
41088
33724
11219
5934
46028
39613
5574
28434
2914
10544
48732
28134
8905
40326
39542
42741
34949
7686
26383
42445
38608
5539
31058
16892
8247
29226
10369
19810
4159
33230
37528
23244
49716
25712
13123
27622
21361
31649
22250
27801
11423
27205
6526
48658
19751
14492
42336
1542
3946
6204
18482
49310
1051
28216
40526
17453
16915
34352
14643
1501
42543
20790
3533
1057
8057
41879
21807
27430
2302
21649
33361
15322
30933
24993
4712
9071
44692
20174
18478
37732
13643
22877
35930
7874
47910
25493
47947
27591
19923
32457
39403
44489
10775
28980
8675
32491
6001
31570
21864
18325
2806
37705
8136
12476
22369
26148
41846
21752
24345
40788
42208
45818
43167
16646
22147
20936
35437
20093
37383
42259
13050
26727
22603
14208
6171
17696
24503
36325
39286
31884
46455
893
45787
6405
29045
1798
6003
19860
42802
39154
6105
37555
41535
35661
11458
48662
40335
23157
1924
31107
13577
28275
19149
5395
3254
30965
42039
47105
34700
27956
42481
29479
3249
10350
33940
11912
45069
35904
49715
11634
21420
19291
7568
24419
1700
48283
8110
27518
20263
3178
4302
29390
8089
40551
46353
23538
24179
8882
32533
33732
23274
2770
2377
15649
29649
23964
10761
28762
44281
9881
3730
7716
31346
30002
4515
27978
15722
32128
6268
47368
16392
9393
6072
28243
12237
7451
27357
8048
8524
27082
42191
9258
29203
18992
34879
19853
44000
49009
28573
31297
27142
29251
38826
15213
12709
13489
39491
28473
35366
28215
12660
26162
7729
1431
32507
19314
46414
1099
2041
13283
44135
29071
8406
1461
5837
2112
48071
8848
20784
21636
35993
19486
25060
25442
29992
8273
10970
22110
9469
18822
20376
24262
4334
17936
12578
34600
11143
41452
20932
36185
17795
10022
41310
28517
37683
21459
32728
178
19667
25943
47491
4011
33903
14795
43689
45653
19936
9367
33508
49828
47692
24407
1982
5676
39534
43897
6761
37934
7146
5683
47809
24710
35935
19280
38940
23265
46562
23203
17257
46907
28537
7168
40369
37902
45583
8984
24082
40132
12983
20919
39464
19146
13686
33211
29640
12515
7680
38559
9543
28949
42905
9278
11264
34290
49489
34357
25014
47481
35593
37818
6722
31870
9995
47198
13448
29447
6252
9890
32433
12497
4242
38811
33125
33725
1308
16298
47114
32877
15432
21608
36396
35644
34914
13557
39514
235
15683
1866
24925
9797
31523
27577
26292
49829
30398
14814
21219
7249
40834
15324
27710
24354
39636
37754
19946
39553
168
5221
10422
24550
49515
37458
3229
27125
23895
33907
10180
29639
16682
20416
3166
7340
12749
21311
3872
9076
16917
37975
16779
24148
48216
6482
45218
13313
30144
34203
5281
16158
41136
36380
14912
29915
46099
41640
30467
35472
34858
12882
1362
33953
42032
28593
21090
48247
45662
1876
40438
24231
17447
11456
29350
10466
7901
47665
45813
21601
34304
42884
16425
22531
5353
14973
28489
48551
35601
576
33039
17140
40590
33616
46571
38195
7238
21227
44145
38233
47173
34080
45810
15002
44897
10746
1063
49889
27182
16523
34556
43187
17043
14117
36869
20046
44923
19512
44409
196
4561
11888
24168
26710
37240
42911
3059
19525
42915
38407
37962
32286
17071
2362
43909
41747
49235
36684
34185
18638
43022
28295
48645
43318
28242
23027
13692
45543
33169
30057
12616
26592
11622
41577
18229
41322
36186
26165
42746
25253
33491
15206
26475
41697
20762
42169
34002
20256
46588
22159
18651
25386
18659
20758
21577
28478
40042
32318
40122
3022
6588
19884
5375
7583
14775
20575
30474
15132
30454
30562
27215
42266
26965
17147
37335
46426
21145
26354
44360
48372
40488
38328
39660
49983
21336
4401
1968
18293
5402
22267
4072
6264
1311
22720
18639
23644
23651
42562
8575
23104
45999
37289
40631
43642
12593
37559
39913
49406
43721
38207
46027
32504
33366
5871
2768
41370
45000
26726
35635
979
37512
36636
22493
48603
49517
20947
8830
5800
18418
17934
30569
19762
16785
37987
42577
7951
26573
20237
10334
7867
19437
21875
5165
35169
5093
4275
44745
18894
46187
46776
8193
19429
47289
14388
36680
42702
24924
44215
30030
41765
12467
16069
11220
14275
38034
38935
11168
12897
2693
32716
40549
33586
34273
78
21338
14786
4771
17694
40429
43785
36506
33991
35018
16319
26789
37537
116
45882
19689
48893
38844
3153
16885
17422
42606
32777
11967
45885
47466
49870
43097
30976
18611
33033
3547
1552
39473
33312
35464
45419
12031
4904
9012
48810
15664
7823
44785
23207
25492
13042
280
8115
21884
18303
22972
15305
28410
34589
33540
26557
43910
42793
29942
44144
27405
32153
11852
26880
32114
15035
7868
7151
28009
41757
1659
34053
23417
48407
22727
3301
8152
6884
31894
48303
17816
26699
9537
19744
37503
8254
29027
3576
274
27178
26451
45505
1862
28651
14483
48296
39589
23114
9158
24068
21253
23689
11142
13662
12704
1200
8094
4107
44160
36587
1705
31794
12494
35734
40303
16923
21071
42770
25140
16613
7276
18092
24992
41212
14131
3032
11082
1273
7920
43690
22658
10038
35762
14661
23036
20769
28493
6760
48612
49312
356
5909
20236
26100
40281
19734
1016
15751
31742
35907
29860
38339
14272
12641
13297
13517
4499
18438
19210
1770
47362
42619
47218
30511
36167
22269
26890
38931
26172
39748
21153
8551
42242
14245
29162
46925
30709
24953
8180
604
2293
22589
33649
23232
28486
37405
32118
41380
21210
476
7795
17355
9466
14401
15361
28387
2909
12448
23234
49933
17192
7903
45459
28797
2719
32063
16458
47033
11716
1861
91
46618
27486
13509
20522
15852
30032
3945
27351
865
29424
19041
20408
5175
20121
23900
5666
9614
15838
40695
9165
34532
46106
28810
25391
20552
19547
36127
29441
45081
87
1534
33130
34035
14194
10286
48890
45532
13469
24497
31752
32788
5587
24560
36556
30622
37958
26665
1186
8234
24567
21165
1979
33658
34559
38542
36721
3210
13655
9833
43195
540
49398
18857
44511
4675
477
30373
3186
17189
22809
2340
16507
41013
12843
26978
8440
42141
1586
35275
30488
22612
14529
33119
31848
20241
38143
2086
35871
28995
40185
14581
23261
45332
15803
31503
46720
35902
21166
35264
15663
36064
22726
18883
38594
9968
19921
12940
10458
32347
586
30385
47358
29140
18311
26146
6158
5703
23123
4893
4656
35719
43702
31221
31252
40721
7925
10850
39343
13621
31963
35069
30363
21191
49595
46457
13908
43259
2478
18504
2635
39947
359
11055
11612
34319
41974
15528
32508
10313
12192
293
16625
8658
19207
16952
14375
38289
5020
21827
7070
39006
6400
48124
28386
22565
13941
21970
28082
24025
43088
49084
28915
16716
41925
30092
48988
34029
21423
41851
45394
29277
29779
30114
36774
39183
49783
35607
323
34144
7638
8010
49081
22158
44228
17311
28703
8479
8226
16309
10783
3820
26632
21920
10326
255
17887
41957
10660
39459
48084
1169
11657
45606
34782
9346
5901
22827
49133
18742
1011
25755
36057
39200
7199
15598
12886
22050
36787
24032
9825
48782
20048
15523
48198
33339
5787
47951
3471
43118
47649
45323
12440
17830
23563
8476
47762
40125
34246
10055
34252
10381
15349
18851
10269
4816
30580
20638
32330
29440
19816
46081
41994
18042
48957
31841
46895
27787
5688
33167
35513
47371
3167
33301
32421
9386
6195
46473
49308
16439
38735
2215
39933
16969
45713
30438
27507
20928
1585
41873
23460
42822
13830
19532
22886
27100
24288
20938
2372
46646
32450
14690
15336
34134
21041
9729
13758
26269
821
20701
9776
712
48178
2169
28141
36714
30625
19882
23341
39841
31044
1394
41364
4608
38745
10786
22709
11413
44013
18104
27369
27729
21801
23626
41622
10865
49644
142
13217
32287
10824
28826
33896
14876
11204
18921
14739
32085
4471
31165
22887
32683
35811
7488
758
38628
22870
32809
46740
44784
1110
15868
22735
15242
47739
12352
5583
33527
23499
34493
14840
46175
24933
40728
24686
27572
40228
31676
11842
44074
40646
3144
11169
4158
27868
37952
38990
17631
35528
13890
9665
29831
40220
18119
46308
47171
11685
48787
6188
13203
30545
36788
26195
13496
17803
19713
22522
4932
7060
12222
13430
3790
7426
41201
11485
46495
16689
47313
36177
5554
23907
42881
283
30083
8660
48072
38030
3353
30768
49108
28402
37272
30865
1020
46080
11223
6818
5784
8300
1130
30268
31386
18952
47971
26811
17880
1972
41989
42420
45968
33104
26792
35082
6849
4957
37496
26640
33990
34772
48983
33346
44246
2729
20656
46010
3671
38452
25437
12174
49816
48713
8606
9144
41210
28846
14361
190
34039
48826
5795
12943
36646
31324
34479
14236
12539
21619
13066
4961
41869
18137
26411
2891
12052
10042
32070
15569
44507
34216
2035
38458
28146
44957
27611
39065
2504
2569
785
49860
2777
24974
44841
41116
10551
5358
24074
28859
30034
17823
49438
8407
24499
21267
26381
35009
2102
47045
13924
31525
4366
49891
24111
28366
23169
15107
2618
7838
46108
26929
2741
39164
25306
29702
34413
15111
29218
45450
4259
23354
42853
30207
25454
14719
27963
15661
46386
22555
16509
5323
25593
32270
48772
27427
30507
14258
45439
34497
23885
32639
48659
22535
48355
25191
27461
18426
1835
24718
21557
1162
27436
17953
20660
19573
45371
14084
6732
16853
15339
49479
25702
12384
48412
8617
3009
2779
46906
2180
24928
26409
38382
10671
13055
24388
34254
16615
37792
49553
24617
36681
39340
33159
43353
42470
11965
30883
10524
41343
16927
19497
29808
29459
1987
32799
18673
39684
17794
40287
42930
36441
38300
40636
21099
29010
2143
46009
6878
4100
18884
19038
17254
24855
24603
19495
42776
7885
28147
12273
15610
20220
23797
48387
34574
260
6757
6583
4298
45304
34722
38836
45677
26361
6928
48637
43565
44303
42775
36530
7730
37178
43305
47329
7711
10103
3328
18370
41375
17111
29972
17191
15415
13278
1058
2270
20057
17527
19110
46638
38687
36283
47185
45070
32182
48591
34873
32961
35697
42061
39653
2703
25004
44558
27172
27202
20525
32902
19911
31122
2140
10308
35346
24777
40702
35848
4318
7932
5394
47641
25187
32684
62
10595
21233
12586
7646
16294
635
16357
22197
45960
44819
27484
23300
36001
35139
820
40436
14675
42898
40949
8718
15765
10005
38115
15341
48315
33276
34442
38312
17933
24891
22467
35956
42823
42096
12821
5644
40569
37855
15668
20068
33337
38375
17481
7782
42780
19489
37731
47183
11328
16204
40304
43743
42283
23649
48107
18415
36910
35725
35867
9768
11720
19455
48758
28362
17683
36930
15084
41730
18974
38137
25508
20299
5667
28848
40933
20794
8196
33375
6066
11624
41901
10842
17712
28887
45746
383
47580
14548
33289
6736
38130
42976
15673
34761
26969
36075
46598
33094
9173
24750
31959
35212
32824
40988
21552
15014
19346
30253
17143
30984
12563
49843
12055
35119
18668
2833
33809
26382
23598
1430
9580
35479
38825
40990
8924
10754
789
36442
37741
26136
49527
44071
8497
34212
11803
37628
23269
432
34112
14842
9596
21573
37217
7466
27534
43972
5391
26578
32518
47654
15505
22761
7314
24259
18629
33437
15232
42389
23484
41642
45192
44498
638
44182
5401
2244
8197
21504
39643
37921
8335
9097
39855
11267
10073
33887
25228
39645
1469
28559
8146
35263
23462
102
22292
15792
11906
17541
8569
49550
5940
36847
1066
21782
12790
43258
4012
41629
33776
49047
204
3509
2641
10558
40402
37455
35808
20658
4806
22987
28613
2326
12071
3703
46264
46321
8163
32180
35374
20483
39592
39380
21927
45402
41373
27998
26634
38680
34463
4610
21173
49970
36775
22487
14253
21197
41280
30953
5613
32562
17006
14766
21770
11730
28269
44732
20190
3847
7213
36543
26782
16602
40459
33685
39559
41563
9208
5748
38758
42773
37301
12465
5730
11020
16472
14072
35701
16404
21666
15199
17072
32332
43708
3258
33269
29872
11437
25959
3194
26271
17524
46492
3873
19677
37231
44175
21115
14334
19219
23687
47044
25068
22680
33948
33537
13719
30915
4321
15187
41415
42820
39000
22975
32262
3071
12848
14695
40024
1105
14610
22335
34972
21465
41808
34282
23967
37838
35575
46401
18146
46941
45995
6740
18289
13678
23639
5856
14541
49992
34285
41946
23777
40244
7851
43538
47990
3705
44076
47962
26932
34760
3858
23904
23901
30288
30294
31951
19367
10317
22552
2249
22175
11920
11083
44782
11890
7717
14213
35683
47923
39241
14491
20690
10456
12718
42638
6355
3037
6031
24446
5254
46815
22757
3614
5246
1614
25095
49847
28820
26602
39140
36752
29825
34300
2441
48740
10587
10576
33441
33440
13465
23734
15163
20020
34645
5853
7603
17260
5903
21489
28080
26757
39955
42762
49490
8596
17051
2517
48099
21182
40390
45732
19297
19216
30599
15993
46556
13343
37869
17959
792
13696
27848
32835
28912
31809
8456
1986
13854
7306
26692
8179
21847
2230
11761
33468
2704
9993
48556
400
18369
25511
10226
24034
36582
46997
13591
44958
39669
29505
44933
9902
20085
13442
44849
26783
8437
10398
13089
27723
33696
922
32338
34908
344
12755
11176
34146
16865
22567
24117
39496
20626
31487
27679
37259
34354
30619
21001
14076
11796
10815
4322
21149
35678
48838
8282
2782
41550
44744
33085
23336
46145
18754
41796
23753
36667
14957
39292
15966
14754
5412
39568
26590
24558
37330
22160
6469
43396
4136
18006
34582
17250
13697
41357
36242
2503
46239
30329
15265
49792
26607
32692
39242
49536
24233
3881
26245
48925
39873
11883
38259
32743
41672
1214
1302
4890
17038
4695
14096
20881
19322
46342
12703
30236
8947
20297
38342
37235
15860
41696
43343
20469
31788
40484
20872
35853
3662
30291
10523
21515
2310
22483
16731
5135
34315
17160
20097
33702
11574
17547
23602
33727
42398
2871
43505
38007
13860
45220
10895
5451
16987
564
30704
8841
28384
25978
33960
36553
1753
21915
620
6707
34061
31589
37823
15998
49137
13533
21356
21240
40033
38803
43625
40957
40777
13811
22700
39032
45496
16178
36617
2365
22914
11590
17831
539
15300
30416
39061
34427
1907
16711
19202
1097
18005
18331
11435
37988
21319
7160
17478
10263
33299
9396
8655
48881
38674
28857
23468
11244
22943
1064
17489
34143
35223
11262
42065
45160
23531
11678
7254
31277
24539
2014
5514
21359
33661
25445
13702
30053
47087
41249
37213
28010
2074
47993
9347
26232
13650
21006
44317
24994
27743
18743
36585
33068
43983
17367
26347
43208
2579
21132
43401
11995
8030
15134
4818
32837
32977
4220
13240
11512
40649
14229
35352
11301
23714
29966
28210
30535
18746
30386
41440
20879
17609
15303
48319
18710
35303
49751
33029
29004
15919
7689
7244
21185
31867
39089
16241
35859
12925
9695
11314
26208
29023
49189
33879
14389
17268
1136
25752
36856
3794
808
37149
35952
1721
11990
9868
3557
48908
17344
19163
43010
11196
6094
23294
8576
36492
1894
10021
33023
19588
47648
38962
37976
2941
10198
27339
36712
28574
32871
629
22288
19206
6765
30861
9043
12505
1958
30635
2724
20927
35155
43635
42630
49320
5188
44802
8333
9020
48286
11573
36355
19954
27041
22413
12381
19365
16434
28349
23222
25046
35190
23215
37334
25999
2448
9552
831
227
4306
25620
4773
22185
49145
35878
8523
13781
1050
41836
12809
38448
1223
38334
14067
17275
41552
18703
12554
18247
6741
11589
24977
49786
44382
10063
16572
27566
33252
33266
36638
33692
15957
36490
18503
30981
1775
48401
4508
30576
38809
1438
41656
18140
11549
6340
42447
43227
44147
1498
45875
11177
7165
507
12276
30325
39823
3125
34434
29701
34327
24904
38587
1784
8623
31700
28539
2949
42799
42142
15843
43006
19198
43522
36070
1747
12419
37575
7385
36982
35755
1637
7361
546
24239
1226
18287
15807
413
26034
31177
16983
46791
3151
26224
41102
35149
39260
49152
44618
1920
21474
7629
18685
24959
14419
11179
1532
42952
40823
30829
7939
37150
26289
38489
841
36227
12372
40318
39407
40014
12817
32373
45581
24336
38665
3745
16291
6637
5312
16348
1569
37069
27947
17445
49937
19552
43372
35664
17721
28285
9860
5660
17236
2930
27448
11713
36772
20822
9429
39249
8516
37404
20793
4500
31594
8214
34452
29956
37884
18613
41097
39836
1893
20457
19591
18471
45342
12506
7374
6284
2748
33773
17720
35305
14332
46742
31783
3515
48003
16494
24952
10076
48065
9525
43800
33098
34197
45569
3644
25149
38156
19478
3710
36956
37591
7699
49249
37677
28028
32997
42729
17195
867
14464
29460
34810
33099
35891
3681
25233
34859
36707
18328
12550
49148
38906
4643
47663
8561
13285
20128
10919
34013
36104
33115
21437
9835
15540
18265
5161
42777
8404
14207
34311
47325
9297
8582
40580
12565
22488
14992
9561
20594
17087
2415
31732
40387
40146
14088
10099
27515
40391
27629
26218
35251
22018
36806
27239
20682
21201
32991
41828
36060
23041
11094
11312
43519
15027
2375
22315
33709
2388
25660
44540
35395
7194
20818
30149
43031
30584
28435
32524
40596
32197
32887
37378
22971
18346
43117
21751
10616
35667
33761
20654
46134
18343
13637
47495
30613
43061
3805
49665
16157
4093
29770
1359
5407
19800
12960
8467
7271
1810
46232
25036
19792
13590
23504
33231
32615
21810
25313
47126
36906
26982
20486
6396
43624
31969
22990
31941
26260
16755
642
5571
1007
10276
32575
5607
14848
28681
3454
49134
623
15930
6308
26314
22570
3247
10156
3204
31289
36478
37234
1428
38672
48174
1792
14961
39481
6215
23015
10002
15670
8375
12460
40923
36036
8491
8058
5490
28472
22368
27770
560
34744
42346
43831
27736
890
2609
6703
30116
31053
27530
44953
28919
7636
35481
573
46314
16754
31745
2716
10914
35286
38635
17138
40906
43384
40896
1943
14413
14277
19075
14535
18690
36
14196
4335
32757
9321
24773
41058
21140
23880
40325
25173
20431
9471
10612
8332
23168
36240
30209
20623
1391
16936
25610
6715
13386
4973
30427
13064
7718
46988
46536
16153
4639
41237
43284
43566
4233
565
18680
46891
23825
32560
3905
34077
12869
49826
200
6905
2760
10749
6271
25342
884
25027
38981
39656
18683
2727
514
22917
4493
32667
18084
12888
35989
39944
37937
14316
14612
49963
27769
838
41015
19499
40888
22846
47090
23368
38604
1858
10907
21628
16128
42558
5419
47357
6056
6336
19758
17603
17180
30246
10837
2210
48244
8512
25663
1538
18834
29306
25604
25810
47409
45735
47589
6562
3866
11738
47838
15970
31813
9067
23195
48118
13638
11054
34565
2088
16041
40613
39189
49039
38570
7988
37143
6452
2095
16373
33255
3538
23270
27829
2184
8099
3885
17847
7259
24602
10233
5618
41655
7559
26986
4010
8762
8711
10136
15376
15833
4624
30544
33813
49397
43379
33922
35567
13912
18177
36423
32611
40852
26945
9119
32132
30855
8082
30873
46216
45830
1846
7215
21779
30851
25583
1138
1182
10790
33923
36844
33370
1383
2213
9823
43564
26677
34587
22419
48646
48664
32945
41301
10211
7038
38506
9898
18523
18421
11241
19132
20482
33210
6920
41437
41295
48593
10488
2428
36323
44950
16166
45
24878
188
17468
10689
27519
4049
21606
14112
20176
24800
29781
38391
24308
37750
27231
47560
24094
16599
39736
35943
37960
20531
2948
48498
6060
13595
13153
43455
3237
7701
11810
35571
49494
37420
31885
13332
21674
49277
37775
20969
48860
47209
38102
12068
22316
3066
38397
8371
21175
42386
23681
38139
25648
37585
23412
39289
13575
7347
42002
40110
12740
39130
14872
22060
42252
16908
33027
33429
31407
15188
25207
26701
44912
4585
16601
6362
16824
13949
21678
2308
21647
24473
47003
44859
15274
20601
48015
22951
4123
44973
42888
35890
29385
22458
38874
36066
15600
39186
35541
1752
34630
14723
25988
41300
24315
4659
12438
35452
39391
35181
38999
7098
37703
42597
5770
24591
48935
4869
9813
12305
29584
18701
5059
23983
46866
46955
30494
44233
2298
31181
46577
29247
15147
43238
15950
28765
41675
43639
2133
17792
47980
12785
26461
32635
20749
6096
45785
34785
30352
41402
24406
27503
20167
17182
10936
38061
12791
17702
3950
36425
5872
28363
17112
15128
18094
7377
19892
28837
32186
3711
32897
22005
38926
18257
45499
11869
8767
22298
16111
13933
18755
49366
30453
39597
1656
15892
32768
36464
8999
2831
7824
6486
22101
4399
35267
18433
43688
33652
25759
7673
45331
18912
49739
18935
7100
22682
86
7786
905
34120
24965
10940
41389
34713
14774
28424
4452
27102
5185
37717
14564
21316
48285
26541
23422
10378
28212
7977
2120
33283
41935
25973
40822
21543
24004
38222
10941
43541
33292
5504
46251
25269
25041
39042
10528
30978
32196
4375
30530
43562
28113
31708
41966
39888
41753
15227
13133
16202
22543
35234
22377
1121
25008
19145
43162
37611
16311
31323
37554
41839
21274
39090
36733
12637
16387
4445
1372
30844
11331
37947
34887
2574
7968
22897
25886
9606
36756
27208
16224
45391
13099
43581
27109
31161
46368
7945
4110
37177
2347
8639
28899
34730
29153
28438
20906
48365
15587
27034
27403
7940
26844
26397
33795
37322
9394
36729
38105
31474
37525
11249
9723
8499
21929
20332
17040
12765
20806
19960
31695
19400
23074
24684
46071
39102
5752
39859
39603
18174
7023
17430
21228
20371
379
10123
25024
3738
23065
35087
41596
17699
27266
23690
8542
46782
18124
44714
42145
2382
43225
17755
27343
20274
12573
8540
35778
20925
20467
6579
25655
8504
6979
33048
23938
45638
13164
1160
41409
23044
14615
29728
42300
23813
45395
28415
47178
48900
519
703
10634
3329
29621
41929
26934
36538
3244
47453
23705
43015
12912
1335
29310
24058
39574
40403
36378
15254
32068
22503
38562
7875
15399
912
9058
48722
27516
43622
1175
38621
31106
7862
36931
18691
6233
7477
48583
19460
39900
49040
5204
17604
29178
38223
33313
15936
8183
18308
11811
7961
18073
43645
40801
48500
11473
6084
22404
8471
41217
42688
42275
43282
2475
39086
15575
31820
504
25304
15008
12134
12537
17345
25868
24438
29596
14825
42939
19431
30078
1973
18048
22444
23589
34433
3632
42154
1257
13057
36716
33489
2913
32431
34796
31773
5584
8751
1247
40595
37978
11045
5645
9081
9755
2166
26324
6386
30601
48681
49385
24706
27510
41027
212
13998
490
12571
46552
10911
9191
11688
21413
46935
10019
37086
9468
786
23349
21186
40809
32239
43054
20703
6662
31421
1161
4099
28787
5716
15140
31854
30862
28354
17008
20298
21022
32875
47396
33920
35820
14159
20698
10325
48263
40814
31
10733
44799
40722
24829
23863
5501
14397
45599
25047
47890
1587
27555
6858
44293
18208
3544
7262
27922
26416
22803
48266
46816
48961
31557
13534
14875
23088
42297
7622
15527
43532
36862
5382
49676
27849
4700
36456
40808
31509
38064
40678
22380
42409
14110
33754
28853
2195
27048
16463
13150
6382
38402
23592
29052
27052
16399
15230
8610
48445
29325
8682
18711
14998
5638
13115
5491
2466
5367
39436
23150
42186
46118
37514
47213
48199
7632
29331
5207
39362
36483
17652
22723
27324
25080
46127
44040
21715
19128
39335
31579
10839
45597
46655
49313
35424
49802
19729
14602
35220
10962
40349
3276
49198
155
12856
42451
8644
24430
2374
37930
47360
41585
19123
34513
14171
43527
45156
4702
16246
5509
24167
15862
16620
39351
16233
9915
11838
41078
35854
7749
6116
12286
35099
8316
15839
29091
43105
31222
6276
4459
2675
8080
20707
43915
7660
35370
5172
37253
24227
984
38955
46692
34481
39693
26867
39360
2578
15319
44791
3679
26952
44741
17991
10930
8432
45208
26591
7832
37826
49744
3984
40131
26073
26847
31253
37223
6718
9072
11601
18110
31950
17310
32293
14757
22009
13604
15891
9389
8778
43313
29633
25987
1224
18088
21016
26894
5127
12560
22592
11847
9322
30059
28714
36356
19037
37013
43382
11133
30319
6651
48788
18763
28600
14591
16491
35710
8943
21513
15117
36307
32328
19065
25328
30690
15502
3206
29044
14189
48027
34258
31249
4141
43096
43326
17474
32018
13197
13861
30517
8925
10394
22743
34150
18863
22103
40986
46580
25798
42691
33480
5831
1215
17209
26807
39587
9391
11827
44033
48833
7272
43762
23131
41047
25719
30834
20686
38090
9683
3106
23321
19846
45900
20976
39359
24120
16774
27668
5855
25512
18901
34784
20547
39134
48252
25293
7858
15411
36112
28558
28142
40426
13165
33623
2917
32345
31582
7941
33885
42279
4454
24782
32436
31880
10336
30707
40836
5534
6044
31718
36850
44836
45727
42620
2718
14350
45303
10284
16293
13845
12871
37218
35179
60
22139
28468
21624
17967
38457
39886
30525
40955
19439
43994
23987
5116
28318
38669
18114
34818
12783
18187
30287
32273
37038
38462
37184
49354
1855
14562
29869
44843
43068
19715
19942
8443
5198
572
27354
41962
26093
6808
44508
38371
18617
34976
19279
27776
49542
23617
12825
6077
23424
29406
27157
42070
49650
8
46097
6266
38350
1503
44916
18529
4094
27174
4023
1830
7584
31612
28800
14808
10675
11018
33001
39399
37109
9039
43992
49579
22023
32126
43731
2485
9106
46481
39818
14592
8144
17515
25661
28234
6539
48109
48544
6143
17974
1269
4775
24940
41934
43304
49417
6178
14006
15051
44514
42364
45056
32317
38779
39848
6306
13058
30660
15840
7563
14043
41229
7933
35350
15525
31172
41038
7579
42408
18356
24098
17520
32855
3800
46581
24460
9381
26728
45204
18392
23795
2366
15804
10784
7822
40686
10182
2849
15273
11669
35621
21026
17271
18706
26930
8210
18973
20990
26721
28576
29383
20191
33400
27085
22437
20075
29602
43700
21837
1475
13857
9549
24812
30928
5566
38062
36294
8811
10905
24403
31766
36703
24869
39424
41898
14794
21245
20477
35938
24746
39433
12885
34739
23449
11907
25148
8816
23454
12054
4749
47253
31521
26076
24337
4336
48212
45762
16025
24759
21716
42925
1291
35493
5930
40392
31469
14459
4073
40162
47376
15161
47765
26273
14425
40204
5570
48309
45681
21951
43698
22643
44014
7955
27786
48402
22401
17151
48328
34604
47400
24753
28875
32547
16907
14730
228
13502
14391
12605
2383
1232
8473
30428
18805
22507
40342
12639
16787
29802
3978
5722
32414
44427
34983
2604
9459
4341
1881
3546
31016
42350
48626
25432
11028
45975
47236
42868
35003
9204
6229
20490
19523
8253
29186
4761
7656
10681
48336
25521
17103
36282
11615
46968
3281
27880
16216
30210
7370
9817
7580
16292
28572
17154
5495
1887
15671
5252
21537
23939
30364
45993
9863
7679
46500
24314
25050
41557
12739
34874
9369
42734
45301
16331
11446
21851
30233
29712
7358
45861
7365
48831
48600
13963
9212
37563
30682
12596
49989
13567
46155
44256
37257
33924
28730
35873
28658
730
7268
12698
8609
6352
5719
10424
32785
6628
353
18736
261
4546
3088
26703
41976
6333
10131
47659
9794
30434
49519
25284
18789
31638
35456
30384
40676
8995
15708
9647
9045
42347
10725
23156
37120
43090
3366
11175
34669
31741
5646
36708
46525
19688
25853
35523
12416
38698
4653
32415
47821
47373
7397
769
22669
24618
9480
7779
25565
46792
31675
26435
35969
46180
33965
46357
49442
35226
1672
20047
24604
12472
16851
3016
46398
26315
43767
21172
36449
24854
37300
137
13745
2258
34903
26066
29181
49407
39790
30266
41838
30191
10296
28284
6150
14847
9460
39132
38530
7489
7937
22550
31883
27962
9802
25483
17457
36368
12585
3014
12495
1388
18167
4968
41106
9542
16259
17074
18779
16918
10983
43561
19717
18235
34160
33775
13342
13679
27549
6101
43298
6251
26954
33863
8147
19142
33524
13227
34200
21432
32496
26698
39492
17410
38798
24152
2336
1790
21499
39889
4510
42749
48577
41693
11238
32514
12722
11897
40643
15559
14645
29796
27420
40554
40681
30804
31290
7712
25301
19241
6592
20984
18309
17662
10468
18294
48024
41403
8835
33192
24331
27131
30397
6666
9078
29665
13515
11777
46051
24174
40907
18193
12587
13879
48825
29673
21616
19209
41365
28282
30009
21390
37521
7650
25533
43749
32453
47912
22266
3320
12941
1955
24486
48756
13578
9974
28128
28290
20239
46752
42172
8629
44027
24411
26279
20508
48663
39767
29068
41475
38793
125
10853
6481
38581
11694
12915
20673
21787
22028
29918
8625
22746
26696
31584
18363
7135
24794
25880
5530
28452
29560
6823
18719
10407
138
45325
47836
40937
11362
6632
18677
27983
36665
24781
20331
30040
18337
36148
3424
24356
44466
32511
46464
21384
36419
18891
934
9357
2754
30779
14105
4269
11289
21177
35075
8090
7273
8041
32973
22844
40864
42772
13844
48368
45246
22287
30045
14721
20725
43922
15421
37354
16822
24126
30293
33144
21486
6798
29899
23137
43926
20892
20650
20795
24250
34655
38239
41265
10580
33318
6291
27478
5183
31510
21563
11672
16967
34355
18476
45546
8752
45426
39914
6444
32434
12773
24673
16195
33316
12136
21496
7002
10155
47397
17658
38337
33726
46397
9057
26990
8410
21581
13215
30790
26542
32111
14907
49033
31095
18760
8457
17749
15875
19446
9134
46532
34683
48096
45163
22081
15484
1871
39508
15426
7186
47042
48891
12113
38021
42623
13562
44381
45170
35858
40553
40999
31801
29718
11561
44727
8114
41659
35630
38907
4787
9539
21204
45504
36028
27236
19818
44937
12978
17850
11321
22306
23912
12531
8369
20022
38815
900
26438
7435
48150
39755
47966
10078
4200
43841
44187
30228
32829
15231
42855
1462
24463
13970
49045
5008
33254
49785
33840
25838
47566
4601
39860
9233
7674
22864
3558
9125
39606
14671
16879
45927
25098
25890
27081
17295
35933
16442
49952
34468
33673
22260
18147
45547
1203
2431
24359
28779
1190
8091
31424
39652
42337
19078
5868
6316
21091
45608
10117
18661
33082
1106
10255
39831
36909
20672
43480
3585
11268
45764
38463
14899
1492
17930
24132
21830
48183
24552
29108
32748
48586
27375
1081
16221
32876
33544
12323
24420
3727
43435
26706
22131
24882
31211
6458
7032
43468
21901
43903
37147
7566
9180
1628
11318
41530
3846
31314
7624
32559
37991
27825
25718
17416
7206
38892
19220
35070
21419
11263
14430
44039
29670
1239
13324
24307
37158
33171
18246
42117
26387
30680
16337
8355
33460
36139
35006
24529
46731
1094
47411
5697
32994
34932
37942
26487
19148
18127
32374
35482
40075
7504
28698
41273
3236
25381
24595
5099
40950
47808
48075
32101
7513
48699
26421
49243
31243
6555
13124
23601
8653
28476
29717
46956
44207
17091
44865
7315
38225
28323
37054
20731
26346
22474
48689
10064
201
8562
36094
854
41138
3700
44774
2932
10401
18013
5969
45821
16638
29827
24393
1985
1582
6295
13407
26400
4449
20680
21749
3837
48924
30324
11012
23002
39416
21555
30351
11046
38593
27463
19121
14501
32662
28105
17148
42785
5227
21403
35271
23243
24557
45482
10978
30252
46632
10323
923
22583
33551
12705
32726
29426
44236
35199
7789
28428
49817
10096
30951
2224
24868
39596
17198
25819
15448
27568
18750
35375
24770
39187
42449
7998
32525
43161
48332
2338
22322
935
11915
20875
6112
31608
37610
34100
23313
37552
34861
13526
17293
29537
6519
34163
36133
49327
24912
5549
16606
36947
14772
46379
38912
1411
21558
46685
21590
35936
42157
30308
26756
19473
16809
5160
10518
41798
753
44669
9686
10162
47987
48226
27532
17737
2055
23073
20247
48559
44260
8541
36614
45521
15811
48598
28540
23258
46819
23118
46563
17744
13859
11166
33463
26334
37297
43025
18749
19630
23198
15822
49402
25740
12685
1959
226
44881
5447
26891
26180
43613
18417
35455
44196
14923
29847
2643
4344
45357
46151
28381
22366
43875
39813
35663
45075
27363
25305
4801
49284
21087
40307
32476
47510
9036
31759
5005
21241
12385
44660
11892
37306
6955
20403
49643
31264
42600
33602
26285
10519
30006
20848
40384
16657
24704
18635
3358
18547
44972
26278
17602
15416
9735
1633
46212
37313
17067
11350
36625
45038
43965
31242
45828
35449
19406
48895
32002
37549
9375
36700
15350
4070
39021
38851
551
18175
146
28783
46803
37168
9337
19212
731
11477
44560
47505
15588
31035
12347
47091
9680
45093
11417
121
30761
19976
12746
12075
46158
10167
29242
23754
4647
24897
12615
5512
35107
32124
8195
26815
17888
9166
38605
43301
13817
49685
11604
7558
27139
3094
20816
35903
37663
5255
916
42010
4704
15733
21668
46360
45495
661
36460
46930
31720
27855
43213
31024
2533
42974
12654
3934
49458
16705
43842
46515
21946
41652
33993
19454
1332
39133
34367
11221
5371
34978
5126
48194
22955
5485
22489
35529
390
40552
10185
10333
48941
24531
40627
38172
26326
29734
16696
9075
1282
39710
33424
31182
40161
13304
24414
21335
8480
43493
37679
2923
32050
28338
32529
36128
18079
3749
23060
18025
5442
3261
41385
8128
15105
47305
24202
7976
7713
35813
20903
32072
38024
7275
11315
2158
30887
9356
29751
20831
27840
6904
49651
44506
10841
10188
18151
32911
46380
17084
32219
38089
8683
13288
42609
34
20383
18058
19827
2996
42464
5220
43819
28430
42073
38653
25606
28523
22856
3010
39843
26682
29713
16083
1354
1484
40829
30531
20926
48308
4866
11153
23742
6729
48489
35847
1508
33434
33723
46737
42358
5274
30188
1098
47637
43619
49736
1767
17961
34131
32333
9049
20963
43057
13818
21578
7354
7990
6549
11656
7863
40474
44213
2371
8066
4762
27311
7248
15236
14626
43060
6943
37613
46697
48182
28713
31624
3908
49418
18832
14979
44654
47707
6238
12254
25091
16668
19018
14853
49955
13046
47881
31104
40343
17965
35096
34128
2875
24931
42501
42838
31238
16944
18666
17970
14596
515
30549
24996
28406
20
48625
10348
19084
9669
21556
20723
11714
8468
8887
15783
17747
49482
9811
48738
39948
39552
27229
2462
46864
15114
10400
7357
28561
8020
30939
18108
27340
8411
45006
21541
47333
44238
33801
26684
24244
22572
30315
4539
41610
43944
44665
19828
34383
7373
38347
15282
44274
15650
41667
38514
28346
8486
3849
707
4560
30563
46751
19089
11804
29682
38409
544
22932
19194
37681
13640
29220
46047
29754
25333
49154
21544
162
29097
48987
4582
12445
19252
21052
17904
46168
18879
45585
38750
40660
2734
6686
5862
37088
26904
17095
42646
10493
11974
10791
22560
29561
11325
33579
33982
3086
35025
36825
27105
38246
18790
44622
46970
5483
14083
38226
23210
18527
4840
47888
19420
40886
13966
28913
2937
14385
38626
40265
12496
209
10375
41858
37305
46319
27465
28666
22748
15197
25745
6130
39145
15626
37399
7519
3286
46684
49705
16148
7946
44938
8700
31830
2433
37711
47925
40882
47179
2658
22408
12782
37179
10087
42341
5600
40621
33714
44107
44924
3927
6350
8944
42993
11626
3541
22326
45196
41926
1145
6353
14879
21603
3217
4157
23284
21614
44057
37452
32248
42263
47984
26317
31967
30877
21088
11347
1318
19019
8822
14002
49905
6801
42302
27737
15545
20166
32845
10685
18323
40927
5876
22374
40152
5515
22638
9142
20492
315
38541
1187
43508
44630
47900
42761
25750
27346
13982
6951
42995
5269
38993
18665
35717
16858
13587
12095
29304
32601
17315
4902
47351
27647
39631
48749
45101
37931
15686
14852
38047
15977
47344
12822
24513
7539
29289
15268
12405
36196
2010
46340
10956
9259
19195
42122
2128
20326
27662
16155
21857
5294
15639
8810
25204
2942
42763
7419
3315
30281
34201
22690
39861
2090
1636
7727
14915
3972
34297
24199
43913
20598
19870
23877
7929
37664
24344
20954
42966
35651
15832
46597
9054
36091
20173
29497
29843
33263
24376
27432
16047
4687
29663
12604
4037
31733
44023
12283
41896
49931
21680
42469
19381
17623
10227
39127
30864
28460
17476
42349
16367
6325
3411
3691
9767
12298
29707
11886
33740
34814
5567
41465
36424
32144
48470
40399
41538
42369
34478
21993
491
8783
8983
26562
29829
33906
25397
40214
27111
22777
33484
38181
41203
45016
48571
38818
40155
49247
20799
46872
5253
37267
13268
43570
31901
31636
16676
17388
1539
30723
35672
3065
20390
9656
42344
24664
20100
26708
18484
19031
31643
27719
8604
28258
32108
5799
49153
47258
41170
32012
21207
22420
37265
37060
24612
45840
12175
10688
16956
47626
30311
16922
41973
43469
35921
46367
26662
21417
25814
8832
43247
45307
30023
26065
39369
36977
16115
34774
36602
33330
19788
18976
35309
3283
7157
10927
2554
33676
15627
33768
47615
8188
8281
38650
34095
24455
7884
6647
45487
45313
10152
40261
41432
33911
27606
31881
17710
2344
46703
2439
15922
1090
16486
32194
26198
44862
5817
9615
17545
10997
47976
40286
11349
25753
15481
25546
30931
39940
23173
37660
9421
25976
14546
39737
25576
21819
45106
36968
32402
15310
26589
25310
22600
29351
5359
38211
16062
20027
27911
24390
8069
1746
9272
